Customer,CustomerName
17850,Vanessa Flores
13047,Steven Stevens
12583,Kathryn Roberts
13748,Andrew Woodard
15100,Kimberly Miller
15291,Mary King
14688,Susan Morales MD
17809,Jackie Vargas
15311,Laura Ross
14527,Ralph Garcia
16098,Eric Kelley
18074,Stephanie Hill
17420,Tracy Campbell
16029,Paul Cardenas
16250,Michael Ali
12431,Sylvia Thompson
17511,Stephanie Love
17548,Ashley Orozco
13705,Brandi Burgess
13747,Larry Mcgee
13408,Clarence Anderson
13767,Amanda Olson
17924,Aaron Cook
13448,Tamara Patton
15862,Maxwell Davis
15513,Patricia Pitts
12791,Thomas Proctor
16218,Kelli Reynolds
14045,Mark Smith
14307,Christine Brown
17908,William Cooper
17920,Richard Howell
12838,Johnny Green
14594,Cassandra Williamson
16385,Misty Aguilar
15032,Anne Marquez
17213,Wendy Coleman
18061,Dwayne Foster
13113,George Perkins
16553,John Klein
13455,Lisa Garza
14217,Christopher Chen
17262,Tracy Novak
14299,Henry Norris
18259,Samuel Fischer MD
17676,Kenneth Boyd
16679,Jessica Ward
18269,Heidi Reese
12766,Stephen Mcdaniel
15298,Tina Juarez
18193,Benjamin Perez
13523,Shane Shields
12870,Eric Gray
15005,Marc White
15581,Arthur Morrison
15680,Daisy Sanders
13649,Katie Johnson
17894,Benjamin Kelly
13270,David Shaw
14618,Carlos Lopez
14866,Megan Hill
13077,Andrea Burke
13115,Dawn Cooper
13531,Sergio Pacheco
13848,Molly Baker
13140,Michael Winters
15713,David Brown
17999,Marc Kline
15347,Edgar Freeman
17340,Ashley Evans
13984,Brenda Mills
15996,Tamara Green
14030,Robert Fleming
16252,Jason Rivera
16596,Travis Holmes
16700,Danielle Mason
16011,Ryan Page
17655,Jonathan Walker
16717,Lisa Calderon
14243,James Brown
12963,Frank Cox
15079,Stacy Mitchell
14437,Gabriella Johnson
12942,Heather Wise
15660,Chris Jimenez
18092,David Payne
15358,Diane Nunez
12481,Kelsey Sullivan
12721,Mrs. Madison Aguilar
12621,Glenda Obrien
18071,Jesse Jackson
12683,Brandi Collins
12755,Amanda Robertson
13854,Don Alvarez
12797,William Jones
13369,Cynthia Lane
12494,Jenny Campos
17857,Monique Duffy
17411,Ralph Hoover
14932,Julie Smith
12429,Cody Wang
14987,Rebecca Evans
14355,Lisa Hill
17526,Cesar Valentine
14896,Justin Christensen
14440,Tracy Ramos
13240,Tina Tate
14479,Kristi Walker
16065,Leah Wright
17430,Holly Contreras
16520,Eileen Christensen
15945,Samantha Powers
15181,Aaron Hughes
15856,Dakota Tucker
13102,Sarah Moore
14205,Anthony Davis
17702,Sara Gordon
15271,Ronnie Boyd
13982,Jonathon Grant
15288,Gene Phillips
17978,Thomas Drake
16795,Crystal Lee
16519,Laura Espinoza
17816,Shannon Mccarty
13021,Angelica Roman
16255,Donald Martin
17671,Nicole Warren
17646,Brandon Williams
12649,Robert Contreras
16350,Jessica Gilbert
12872,Justin Washington
17339,Paul Cunningham
18230,Nathan Hicks
16499,Ronald Tran
17097,Julia Davis
15192,Brandi Montoya
14441,Erica Romero
15279,Philip Frost
16579,Ryan Young
15380,Mary Coleman
17442,Abigail Middleton
17950,Dustin Alexander
12826,Joseph Young
17456,Brandon Gomez
17307,Jesse Cardenas
15811,Carly King
13327,Michael Lara
17700,Mr. Dale Villanueva
13136,Ryan Rodgers
15535,Jennifer Turner
12605,Norman Pena
15329,Barry Ponce
15211,Benjamin Shannon
15596,Jennifer Wyatt
16163,Anthony Vazquez
16907,Zachary Allen
17576,Julie Richardson
14713,Yvonne Kelly
14702,Kristen Aguirre
13230,William Wilson
13969,Crystal Bentley
17530,Glenn Wood
15805,Jose Mcclure
17696,Jessica Clark
17076,Joanne Montgomery
17827,Debra Campbell
16265,Matthew Hines
17880,James Gilbert
13000,Adam Hernandez
17790,Brianna Brooks
12731,Joseph Mckinney
14419,Andrea Miller
14082,Christopher Williams
17912,Amy Johnson
15723,Sandra Hines
16656,Kelly Norton
14037,Joy Smith
14256,Ashley Jones
14543,Ashley Mendoza
16062,Richard Reeves
18116,Steven Walker
16019,Mrs. Valerie Moore
18178,Jessica Simpson
18065,Eric Holloway
13148,Jamie Moran
12989,Matthew Kim
14107,Nicole Carter
15881,Stephen Gardner
12785,Andrea Jenkins
16727,Robert Wright
15514,Renee Dominguez
13787,Robert Andrade
17865,Jason Kemp
17220,Megan Walker
16565,David Ramos
16873,Joseph Miller
14062,Kayla Mendoza
15179,Bonnie Mcfarland
18016,Mckenzie Cunningham
14448,Mike Rodgers DVM
15503,Laura Holmes
17251,Angela Medina
16923,Ashlee Gibson
14159,Elizabeth Lyons
17126,Eric Chambers
15224,Albert Gaines
14577,Diana Rivera
12753,Cindy Whitehead
17236,Roy Davis
17372,Eileen Russell
16367,Carrie Castaneda
12875,Kyle Jennings
17917,Dominic Weber
16010,Luis Robinson
17085,Sarah Cole
13668,Sandra Rhodes
14684,David Hopkins
17188,Dr. James Smith DDS
15547,Peter Williams
15998,Pamela Smith
14413,Timothy Taylor
18004,Kenneth Trujillo
13959,Jeremy Rodriguez
16665,Eric Gonzalez
15454,Aaron Madden
15044,Steve Jones
17937,Shelby Holland
14608,Kathleen Roberts
17618,Jeffrey Oneill
14505,Tamara Kent
18037,Michael Lopez
13198,Alexandra Cuevas
12540,Joel York
13225,Isaiah Brennan
15361,Amanda Moore
15689,Dominic Smith
14290,Daniel Clark
13209,Dr. Crystal Davis
13999,Bryan Jenkins
14498,Teresa Yates
15854,Noah Mcdonald
16701,Taylor Higgins
16927,David Crawford
17990,Nicholas Briggs
14544,Robert Johnson
17338,Elizabeth Fry
17231,Jennifer Williams
17799,Veronica Hood
14565,Jill Roberts
16726,Jennifer Howard
17303,William Kelly
14639,Jenny Camacho
17611,Angelica Douglas
17179,Gregory Gomez
17524,Patrick Martinez
12476,Kara Glass
17293,Sonya Meyers
17890,Stephanie Carpenter
17375,Robert Meyer
17371,Angela Daniels
17969,Mrs. Suzanne Taylor
15159,Margaret Walker
13211,Matthew Smith
15777,Gerald Riley
14525,Darrell Mcconnell
13324,William Wilson
13802,Julie Williams
13948,Scott Carter
13008,Kim Wagner
14206,Sydney Moore
16202,Lindsey Smith
16442,Joanna Patterson
18075,Kaitlyn Sanchez
15468,Cody Gardner
16570,Margaret King
14524,Robert Yates
18141,Richard Hoffman
12434,Tracy Smith
16810,Devin Preston
14961,Nicole Mcknight
17041,Brian Maxwell
16458,Paula Smith
16083,Elizabeth Callahan
16262,Samuel West
17194,Paul Mosley
14057,Lisa Moore
14871,William Small
13178,Mark Maldonado
18044,Yesenia Pitts
16812,Courtney Floyd
16191,Jennifer Ward
12370,Nina Evans
14298,Juan Hill
17158,Christina Campbell
14415,Donna Jackson
16899,Brian Poole
16531,Amber Henderson
17404,Sherry Gould
16556,Mary Browning
16805,Erin Fernandez
16503,Kevin Reed
17739,Amanda Greer
13238,Robin Hamilton
12829,Jeremy Le
13097,Joseph Collins
12867,Michael Thomas
15392,Sandra Walsh
13846,Jennifer Lee
14401,Kevin Woods
16145,Isabel Berry
17629,Tony Hardy
14150,Joel Escobar
13496,Ashley Simmons
13611,Christopher Bradley
16954,Alexis Solis
17454,David Johnson
17449,Richard Walker
17230,Ms. Lisa Moss
12865,Regina Rivers
15950,Jerry Walker
15512,Rebecca Morris
17525,Daniel Blackwell
13458,Jeffrey Walker
14426,Karen Glover
16003,Claudia Sloan
13092,Carol Ross
13426,Carlos Norman
15101,Holly Cameron
17033,Anthony Hernandez
13221,Marcus Peterson
14201,Janet Hall
17692,David Anthony
15822,Jessica Harris
16134,Keith Davidson
17551,April Gutierrez
18050,Lawrence Hoffman
14913,John Medina
12666,Erin Hoffman
15641,Jennifer Dunn
13124,Raven Swanson
17214,Brett Barker
15456,Shawn Vega
15062,Andrew Griffin
12928,David Atkinson
15727,Dale Johnson
17980,Audrey Dennis
15290,Kelly Lang
17752,Anna Turner DDS
15615,Jeremy Hernandez
12577,Caroline Allen
17044,John Mitchell
13829,Susan Mason
17633,Jeffrey Byrd
13266,Manuel Rojas
17820,Michael Miller
15664,Debra Shannon
17189,Christina Johns
17496,Tyler Rios
16607,Leroy Peterson
13317,Meredith Watson
13890,Patrick Roberts
17001,Brian Klein
15246,Amber Wolf
16996,Rachel Valdez
15482,David Wright
16037,Jonathan Stone
14841,Brianna Massey
16670,Kenneth Lee
16985,James Miller
16705,Mr. Dominic Martin MD
16470,Summer Harris
14414,Janet Prince
15563,Alan Lewis
12980,James Nelson
16746,Joshua Thornton
14878,Brian Martin
16743,Ian Johnson
17146,Dawn Holmes
12877,Krystal Simmons
15394,Steven Salas
14621,Christopher Oconnor
15379,Brandon Boyd
14309,Thomas Howard
17288,Michele Pham
14709,Rachael Nelson
15157,Andrew Strong
17744,Kiara Johnson
16316,Karen Fletcher
15620,Lynn Meyer
15789,Christine Smith
16560,Amy Vazquez
13534,Jordan Blackburn
17580,James Miller
14777,Steven Mann
15759,Monica Hamilton
14373,Samantha Johnson
18176,Rebecca Howard
15366,John Gilmore
14735,Glen Cannon
16271,Candace Bryant
18223,Michael Sanchez
15532,Anita Hurst
16816,Randy Morris
16684,Sean Carter
14334,Barbara Kaiser
16945,Paul Underwood Jr.
14643,Katie Guzman
15197,Christina Drake
14220,Zachary Davis
13874,Christopher Hardy
18260,Veronica Coleman
17848,Larry Garcia
17392,Robert Massey
12348,Laura Martinez
14985,Roy Norton
13004,Diana Jensen
14560,Troy Wall
12931,Tracy Andrews
13627,Melissa Smith
12551,Ashley Nelson
12782,Colton Cox
14769,Nicholas Keith
15780,Heather Reese
12417,Jesse Durham
17315,Angela Sanchez DVM
16711,Cindy Grant
12726,Andrew Daugherty
15204,Andrea Browning
17888,Nicole Clark
17007,Alexander Tucker
15160,Zachary Ballard
14016,Stacey Alvarez
13033,Joseph Mcdowell
12691,Loretta Lambert
13869,David Johnson
14146,Mary Mann
12705,Cheyenne Guzman
16885,Amber Smith
17913,Kim Reynolds
12668,Anthony Lee
14472,Edward Harrison
17358,Richard Davis
16686,Ann Lyons
18245,Louis Mcdonald
17343,Nathan Rogers
18256,Holly Mills
16153,Debbie White
12377,Anne Lopez
14646,Jessica Lin
12944,Benjamin Rose
15312,Amanda Sharp
14099,Roger Brooks
14113,Austin Jones
13104,Melanie Martin
17204,Donald Hubbard
13027,Bryan Garcia
17621,Christopher Kramer
17090,Mary Johnson
14119,Mark Hall
15527,Robert Robinson
18097,Tiffany Foster
15460,Hunter Diaz
15034,Angela Odom
12423,David Thomas
12678,Christopher Barnett
15208,Jimmy Melendez
17306,Charles Palmer
14737,Jamie Hernandez
13029,Rebecca Brown
16270,Laura Rodriguez
13487,Sarah Campbell
12515,Alison Fitzgerald
17400,Kaitlin Chen
17593,David Newton
13953,Catherine Mcguire
14533,Ryan Reeves
12734,Nicole Marshall
14944,Erin Bender
17239,Timothy Adams
14532,Aaron Rose
12383,Alexis Weaver
15562,Mr. Jose Martin
15587,Heather Barton
13922,Matthew Nash
13817,Gregory Adkins
12585,Jonathan Moore
13165,Rachel Love
13304,Jason Herrera
13313,Ricardo Baker
16875,Penny Mcbride
16282,Heidi Ford
12957,Daniel Mclaughlin
14462,Kyle Wheeler
13397,Keith Meyers
13680,Desiree Watson
12483,Cynthia Middleton
15164,Mary Rios
17457,Katherine King
14732,Gregory Mcclure
14221,Jessica Cole
14553,James Wheeler MD
13253,Allison Smith
17389,Amy Hill
12578,Charlene Wallace
15841,Yolanda Douglas
16112,Brian Miles
13629,Edward Bennett
16600,Robert Vang
15661,Sarah Macias
16532,Kimberly Brewer
15266,Mercedes Thompson
14653,David Tran
16771,Alexis Collins
17585,Rhonda Cline
15046,Ruben Noble
13082,Rebekah Love
15464,Latasha Young
18226,Sara Garrison
18062,Steven Roberts
12415,Jacob Thomas
12503,Kathryn Copeland
17368,Miss Nicole Murillo
14258,Ashley Reese
15719,Adam May
13368,Denise Nguyen
17634,Russell Lopez
16676,Wendy Stewart
16424,Joseph Hughes
18283,Julie Williams
12735,Phillip Edwards
13764,Jacqueline Keller
13656,Laura Taylor
12413,Paige Ross
14312,Juan Barnes
13280,Michael Bell
15845,Sylvia Lee
16094,Jason Jones
13187,Randall Wilson
16567,John Skinner
14828,Thomas Miller
12530,Oscar Richmond
16551,Sara Freeman
16889,Cynthia Jensen
16473,Danielle Vasquez
13750,Kayla Fitzgerald
12501,Sara Khan
15607,Michael Scott
15139,Kevin Kennedy
12489,Elizabeth Bailey
17707,Mr. Daniel Brown PhD
18198,Brian Kemp
12484,Mr. Tyler Hayes
18179,Samuel Willis
17284,John Lee
13233,Nathan Bennett
14889,Lisa Jones
12480,Jeanette Aguilar
14672,Alexander Riddle
13593,Lisa Luna
13162,Shelley Erickson
13183,Marisa Moore
17095,Patricia Roth MD
12939,Lori Miller
15611,Sara Singh
17114,Marissa Mills
15059,Jacqueline Knight
16326,Kathleen Cooper
17128,Thomas Brown
14761,Kerry Ramirez
17555,Deborah Morales
12651,Rebecca Cline
16735,Anthony Joseph
16833,Adam Mitchell
17800,Kelsey Calderon
16748,Lisa Hunt
14755,Chad Orozco
16549,Nicholas Reynolds
13565,Rachel Cole
15799,James Vincent
18032,Lori Nguyen
13451,Ronald Bailey
14794,Michael Johnson
12539,John Roth
12500,Christopher Lewis
18171,Dillon Ali
16279,Susan Hanson
12524,Mindy Campbell
17811,Alyssa Wood
16850,Mary Mitchell
14321,Christina Mckenzie
15326,Cynthia Flowers
17849,Carrie Raymond DVM
13672,Steven Cunningham
14229,Brittany Joyce
13107,Steven Miller
16497,Mark Smith
16303,Gregory Sanchez
15281,Michelle Downs
12736,Courtney Richardson
13473,Travis Foster
14320,Casey Webster
12393,Judy Coleman
17742,Craig Powers
16351,Sean Garcia
12601,Christopher Scott
13144,Mackenzie Armstrong
15346,Samuel Vasquez
15370,Crystal Moreno
12643,Patrick Porter
14295,John Henry
16034,Ryan Blair
17365,Dustin Patterson
15189,Alexander Powell
14669,John Weaver
18095,Jeremy Sloan
15518,Marvin Welch
15749,James Parsons
14209,Wesley Pearson
15569,Tracy Steele
12728,Dr. Brandy Murphy MD
17569,Kimberly Hall
13784,Dennis Fitzgerald
12724,Ryan Williams
13862,Richard West
16791,Timothy Jones
16235,Sandra Ramos
14270,Roberto Rivera
12665,Samantha Miller
12523,Jeffrey Miller
16655,Jennifer Daniels
16359,Nichole Anderson
16554,Daniel Scott
12359,Dr. Linda Reed
15939,Joshua Lopez
14587,Erika Elliott
14715,Taylor Williams
14185,Jade Mercer
12437,Keith Moore
14040,Grant Mendoza
12652,Lindsay Roberts
14514,Shannon Gray
15171,Tracey Kelly
14167,Tiffany Wilson
17048,Jacqueline May
17364,Gina Lane
13284,Michelle Cole
16500,Teresa Brown
12951,Christy Hansen
15835,Eric Lutz
18190,Derek Sherman
13993,Michael Robinson
14114,Susan Weber
15447,Maureen Williams
16315,Elaine Jones
14978,Bryan Martin
16395,Angel Newton
15510,Larry Clark
13614,William Perry
13246,Rebecca Jenkins
15687,Christine Nolan
16493,Kyle Walsh
12490,James Richardson
12672,Julia Roberts
13385,Judith Hunter
15626,Emily Smith
12553,Lori Mcdowell
15213,Mary Smith
14175,Jeffrey Ramirez
18106,Julie Johnson
15033,Nathan Welch
14329,Larry Ramirez
16401,Hannah Hernandez
16206,Alexander Manning
13782,Jennifer Ortega
12924,Carol Harrington
16593,Benjamin Adams
13700,Andrea Martin
13064,Nicholas Lawrence
13048,Alejandro Martin
18069,Scott Bennett
13634,Adrian Moore
16843,Stephanie Williams
17064,Nicole Green
17609,Ryan Davis
15673,Andrea Johnson
12626,Mary Rose
14976,John Cole
12388,Kevin Brock
13527,Adam Bradford
15696,John Vasquez
15316,Mary Parker
12673,Erica Pineda
15296,Bruce Peterson
17988,Ryan Martinez
12820,James Richards
13001,Michael Horton
14101,Shawn Strickland
14238,Lisa Skinner
17730,Kyle Cox
13929,Christy Guzman
14657,Dylan Jones
13859,Rebekah Smith
18212,Martha Holt
14292,Christopher Martinez
13883,Stephanie Murray
18233,Robert Roberson
17018,Tina Fleming
14242,Jeffrey Marshall
12356,Michael Riley
12346,Deborah Cruz
13898,William Peterson
16948,Brandi Sullivan
16997,Courtney Graves
12527,Katherine Garrison
15395,Sarah Pineda
12510,Devin Suarez
13693,Joanna Banks
13263,Erica Humphrey
14428,Rose Scott
12451,Lisa Nicholson
12422,Austin Walker
17708,Brittany Martinez
14090,Calvin Martinez MD
15606,Nancy Vasquez
15831,Scott Barrera
13310,Stephen Larson
14916,Andrew Mcclain
17602,Andrew Crawford
14572,Bryan Fox
13502,Alicia Marshall
14784,Sheena Ruiz
15938,Brandy Pierce
12637,Mrs. Ann Morales
17418,Kimberly Paul
14779,Barbara Williams
16321,Robert Jones
15262,Justin Murray
17862,Christopher Johnson
16892,Deanna Sanchez
12402,Rachel Roth
17771,Terri Chen
15422,Aaron Khan
14770,Courtney Miller
16912,Emily Smith
15174,Aaron Patterson
14895,Mark Jackson
12594,Jason Armstrong
17504,Joshua Barnes
16387,Derek Nelson
12664,Tanya Page
16618,Dana Clark
17277,Ricky Clarke
14088,Tracy Porter
17094,Scott Miller
14692,Dylan Salazar
12970,Roger Schwartz
17889,Derek Fields
17644,Mary Jones
17714,Megan Alexander
12916,Danny Phelps
17769,Debra James
14450,Brandon Gallegos
16085,Alexander Gonzalez
13659,Stephen Lewis
15167,Andrea Evans
15443,Chelsea Carson
14224,Daniel Adams
13742,Kelly Ballard
17673,Marcus Johns
12727,Adam White
14068,Alexis Hodges
13068,Ryan Brooks
14368,Alan Lowe
15497,Lisa Morales
12559,Heather Barrera
13819,Angela Crawford
14501,Lee Curtis
14782,Jeffrey Jensen
17861,Katie Williams
14439,David Johnson
18161,Elizabeth Pope
15820,Benjamin Reynolds
18136,Mr. George Castillo
16660,Kyle Phillips
12693,Evan Lopez
12625,Elizabeth Day
13396,Seth Powers
12935,Rachel Singleton
16730,Jacob Salazar
14541,Wendy Hartman
13551,Stephanie Alexander
12421,Mark Newman
15797,Miss Kelsey Gray
15052,Christopher Saunders
14130,Brett Boyd Jr.
15222,Ms. Bridget Hernandez DVM
13615,Kristina Bolton
13901,Stephen Mccoy
13158,Shawn Curry
14257,Gabriel Lambert
15218,Ashley Smith
15110,Kevin Miller
14534,Danny Macdonald
15967,Alexis Torres
16757,Jenny Stewart
12854,Nicholas Davis
13815,Brett Wilson
18008,Jennifer Anderson
18277,Patricia Fields
14389,Rebecca Miller
13703,Jessica Walton
15339,Erin Christian
12744,Kelly Stevenson
16222,Sarah Montgomery
14341,Amber Harris
13168,Stephen Taylor
16943,Jesus Williams
17515,Christopher Carter
17082,Keith Johnson
14248,Joshua Harris
12609,Matthew Ross
13002,Jacob Meadows
16133,Megan Green
13049,Catherine Morrison
14548,Kristy Silva
13405,Tony Jackson
14049,Mark Evans
16043,Jared Hanna
15812,Nicole Harvey
13837,David Marshall
17118,Andrew Kelley
14616,Anthony Bradley III
14233,William Williams
17075,Erika Reid
16714,Richard Dean
13098,Angela Obrien
17027,David Chen
12591,Elizabeth Medina
17786,Julie Gay
16124,Jeffrey Garcia
16409,Jeffrey Davis
13754,Michael Gibbs DVM
15227,Donna Torres
12997,Brian Richards
15215,Courtney Strong
16918,Ronald Morrow
16882,Angela Carpenter
14442,Daniel Berg
16496,Randy Villegas
12764,Anthony Hall
17311,Caitlin Walters
15910,Richard West
16949,Vincent Ramos
14970,Jacob Gray
14701,Paul Hernandez
12645,Tiffany Salinas
12468,James Phillips
16767,Mrs. Paula Wilson
14738,Marvin Baldwin
17540,Jeffery Mcdonald
14239,Barry Russell
18125,Laura Gardner
13328,David Walker
15549,Misty Guzman
15864,Phillip Wilson
14662,Cory Douglas
17180,Rhonda Wilson
15057,Nicole Thomas
12574,Natalie Brewer
13330,Larry Lamb
13552,Natalie Hurst
12853,Laura Henderson
13538,Antonio Taylor
16755,Tom Gonzalez
14133,Stephen Castro
16523,Catherine Hutchinson
14659,Latasha Johnson
13141,Brooke Carter
15365,Alyssa Arnold
13707,Megan Gonzalez
13709,Amanda Medina
17329,Edward Chaney
14805,Maria Moran
16897,Steven Smith
15579,Sandra Johnson
14595,Jennifer Contreras
13161,Paul Gardner
15415,Christopher Fuentes
17431,Elizabeth Huff
17463,Maureen Gregory
14502,Deanna Stephens
12528,Jessica Carr
15448,Nicholas Burgess
17314,Kevin Riley
17373,Jerry Acevedo
18145,Robert Gilmore
14467,Cheryl Miller
12908,Alejandro Nguyen
15144,Juan Thompson
14776,Terri Taylor
16403,Justin Owens
16407,Rachel Davis
17619,Timothy Newman
12778,Jeffrey Calderon
17256,Kimberly Harrell
17604,Taylor Williams
14006,Christopher Taylor
13600,William Bishop
15058,Madison Berry
17147,Patricia Munoz
13881,Christopher Houston
16612,Brittany Howard
14627,Eric Jennings
17356,Ashley Myers
12477,Emily Bruce
12836,Katie Wagner
13939,Brian Andrews
16745,Rachel Crawford
13606,Amanda Huynh
13494,Peter Green
12929,Stacey Hines
16419,Ricky Herrera
17035,Erin Pitts
15203,Jennifer Lucas
16515,Anthony Perry
12373,Nicholas Harris
18202,Ryan Carpenter
12775,Emily Downs
14549,Anne Washington
15981,George Peterson
16110,James Herrera
17376,Nathan English
13110,Alexis White
16716,Amber Davila
12676,Nancy Wilson
15940,Amy Thornton MD
15971,Kenneth Wilson
14665,Manuel Holmes
14457,Cheryl Foster
15589,Marisa Diaz
14411,Darrell Simmons
17560,Luis Solis
15226,Richard Coleman
14460,Amanda Anderson
16156,Harry Long
13728,Kyle Lewis
14127,Brittany Maynard
16378,David Donovan
13894,Lori Orozco
13824,Bryan Osborne
18250,Christina Chaney
15270,Charles Becker
14188,Shawn Medina
18017,Hannah Bailey
15421,Sonya Jefferson
17446,Christine Campos
12414,Jeffrey Ray
14798,Lori Mckee
12990,Robin Olsen
12350,Dylan Miles
16992,Todd Sandoval
17337,Tonya Caldwell
16405,Alexis Day
17071,Christina Parker
13873,Stacy Vargas
17362,Jennifer Villanueva
13394,Edward Burns
12502,James Zavala
16333,Eric Spencer
16030,Eric Brown
14044,Kurt Montgomery
13800,Erin Becker
17672,Kristy Brady
12464,Chloe Miller
13581,Denise Preston
14540,David Wright
13539,Sharon Harris
15885,David Powell
14497,Rebekah Boyd
17507,Gabriella Davis
13208,Sarah Terry
17334,Daniel Poole
13871,Anthony Wong
16938,Patrick Lee
12754,Richard Jackson
12410,Valerie Anderson
17929,John Wheeler
14778,Brent Frank
17517,Natalie Koch
17226,Jacob Bean
13137,Joe Martinez
13725,Angela Hall
13309,Joel Lopez
12842,Crystal Torres
16109,Deborah Barker
17291,Debra Silva
15090,Bradley Maldonado MD
15199,Aaron Hogan
13911,John White
14194,Warren Barrera
14842,Jared Cohen
13584,Geoffrey Kerr
17105,Brianna Thompson
14438,Shawn Dunn
12956,Gina Gutierrez
15781,Kim Perez
14410,Duane Johnson
14600,Madison Cox
17302,David Robbins
17613,Shannon Jones
13334,Dawn Nelson
13955,Cassidy Edwards
17162,Kimberly Lee
17774,James Miller
13809,Julia Jones
15407,Taylor Orr
15577,Daniel Stewart
16332,Ryan Bowman
14048,Terry Herrera
14475,Megan Vazquez
17859,Craig Brown
12576,Whitney Walsh
15753,Mark Wilkins
12599,Jessica Gomez
14562,Luis Sanders
16951,Matthew Arnold DDS
16998,Mary Munoz
13133,Julia Barrett
17881,Meagan Stewart
15843,Joshua Conner
17083,Joshua Smith
15970,Leslie Rios
13590,Zachary Stokes MD
17537,Kelly Walker
12401,Jose Young
12462,Glenn Kramer
17843,Kara Potter
13706,Tracy Richmond
17940,Alicia Rodriguez
17686,Brian Smith
14431,Michele Ferguson
15809,Beth Roberts
12561,Angela Johnson
14465,Jason Smith
18093,Lauren Fuller
16027,Jeremy Perez
12857,John Peterson
16425,Stephanie Miller
16842,Kaitlin Miller
15796,Lisa Crawford
14555,Katherine Munoz
15114,Stephanie Rios
15133,Vanessa Murray
17705,Emily Schmidt
18087,Garrett Bass
12897,Jeffery Smith
17512,Brenda Barajas
15550,Michelle Hall
14676,Steve Singh
12505,Sarah Yang
18159,Tina Delgado
14304,Kelly Reid
15638,Brianna Collins
12943,Randy Fuller
13875,Ryan Matthews
15406,Nicole James
18084,Charles Melton
17282,Kristen Johnson
16434,Jorge Rogers
17050,Ricardo Mendez
13171,Rhonda Gonzalez
17472,Scott Haynes
17255,Kimberly Bryan
16084,Stephanie Alexander
17667,Matthew Quinn
12507,Anita Rodriguez
14631,Carla Cantu
13381,Thomas Morrow
15236,Jennifer Johnson
13475,James Harvey
17829,Elizabeth Griffin
13717,Spencer Jones
13157,Catherine Gomez
14644,Denise Torres
12993,Ronald Jackson
17571,Gary Miles
16979,Yolanda Rodriguez
16738,Andrew Morales
15122,Kelly Padilla
17612,Lauren Mitchell
17348,Andrea Martin
13893,Ashley Bullock
14035,Dwayne French
13623,Ronald Garcia
14346,Matthew Ortiz Jr.
16431,Tyler Clark
12616,Kelly Roberts
16317,Robin Mccall
14935,Mary Johnson
16073,Ashley Ortiz
14477,Anna Escobar
14760,Jennifer Hull
14897,Sheila Richardson
15810,Javier Jordan
16509,Courtney Jackson
14386,Krystal Burns
12455,Reginald Mcbride
14530,Shawn Fowler
15670,Deborah Brown
12653,Troy Nelson
16126,Justin Bennett
14609,Courtney Lucas
13414,Tammy Jones
12823,Robert Young
12352,James Lopez
12372,Robert Sparks
16494,Raymond Bates
14959,Laura Johnson
16148,Brian Morton
17422,Patrick Page
17175,Lindsay Shelton
18257,Bryan Romero
12362,Stacey Lopez
13018,Angel Fuller
13718,Rachel Colon
15382,Allison Preston
14754,Mary Wheeler
13151,Tony Woodard
12654,Dr. Nicholas Lyons
13085,Mrs. Sarah Baird MD
15903,Alexandra Mclaughlin
15785,Eric Caldwell
18138,Jordan Adams
14379,Robert Yang
14211,Nicole Meyer
14371,Mary Soto
13425,John Norris
12852,Suzanne Myers
15228,Jimmy Ayala
13012,Holly Smith
16182,Diana Roberts
13489,Tyrone Jimenez
12714,David Smith
13904,Kathleen Carter
15755,Pamela Alexander
13932,Whitney Gordon
13799,Jason Day
13951,Adriana Baker
16765,Samantha Barrett
18172,Kelly Keller
16566,Brad Williams
12891,Margaret Gutierrez
16466,Christine Nguyen
16115,Julie Bailey
14162,Nicholas Long
13301,Jennifer Crawford
14803,Bailey Daniels
13744,Jeffrey Pena
12988,Danielle Bryan
17323,Douglas Luna
12707,Jeffrey Perkins Jr.
18094,Brian Hunt
15129,Charles Moore
17361,Joseph Freeman
18155,Timothy Oliver
15321,Carrie Wilson
13477,Theresa Huff
15065,Deborah Richards
16980,Richard Parker
15146,Carla Cline
12365,John Santiago
13410,Christine Miller
13044,Mrs. Mary Ramirez MD
16441,Terri Delacruz
16014,Tiffany Boone
14520,Crystal Dominguez
17994,Logan Mills
13038,Jesse Ramos
17002,Stephen Pacheco
15722,Ms. Candace Williams DDS
16349,Heather Sanders
16913,Debra Gibson
18114,Kerry Mckinney
15303,Christopher Hurst
12845,Steven Campbell
18188,Jared Holt
16045,Angela Morris
16573,Jessica Hanson
13421,Amy Henry
18196,Michelle Cortez
13285,Nathan Torres
13184,Kelly Brown
18151,John Dixon
13804,Scott Morgan
17499,Danielle Gonzales
15397,Jacqueline Ferrell
14276,Anne Shaw
13453,Kristen Taylor
16394,Virginia Fox
17711,Charles Williams
13865,Catherine Hunt
16940,Jason Jackson
14289,Angela Thompson
16208,Jacqueline James
17063,Clinton Jordan
13149,Joseph Tucker
18068,Laura Parker
15932,Tricia Cox
16692,Robert Gonzalez
15590,Kelly Gentry
17171,Amy Barber
18231,Juan Hicks
14004,Craig Chavez
17139,Ronnie Johnson
14513,Jesse Medina
13118,Christina Ball
15974,Christian Wood
17830,Jordan Fletcher
12565,Darrell Palmer
12582,Bradley Manning
14231,Jeffrey Morris
17867,Bryan Mcgee
14880,Heather Flores
15121,Christopher Baker
17117,Ashley Andrade
12945,Dr. Michelle Costa
18056,Lauren Bryant
16072,Jose Mcguire
16838,Ryan Jones
15543,George Brown
13751,Beth Martinez
15847,Joshua Nelson
13851,William Galloway
13501,Christine Orr
12633,Gregory Owens
13345,Gregory Green
13870,Rose Rivera
17034,Amber Collins DDS
16592,Raven Moran
15712,Amanda Yates
13362,Mathew Sanchez
14470,Erica Hall
17388,Jennifer Ware
16841,Natasha Gill
13753,Mark Donaldson
13666,Ernest Hickman
12361,Susan Macias
14481,Jesse Gregory
13792,Angela Rangel
17663,Maria Townsend
13973,Jeffrey Bishop
15990,Angela Scott
13493,Sarah Stout
13684,Daniel Krause
13261,Mike Mitchell
16598,Nicole Roy
14147,John Burton
15951,Bobby Sanders
13971,Eric Johnson
17516,Mark Obrien
13630,Terri Walker
14157,Sara Ward
13636,Leslie Bowers
13610,Frank Russell
14745,Ruth Ibarra
12781,John Mitchell
14036,Cory Hill
16057,John Dominguez
15724,Daniel Ramos
12458,Christine Williams
12598,Crystal Russo
13675,Jonathan Adkins
14227,Cassie Burton
16668,Jose Jackson MD
16667,Jill Porter
13509,Darrell Davis
15874,Steven Adams
16187,Matthew Moran
16339,Matthew Snyder
12509,Joseph Hughes
14046,Michele Guerra
13292,Jennifer Thomas
16427,Jeffrey Reese
14056,Amanda Stewart
15656,Robert Cunningham
12811,Taylor Franklin
16518,Whitney Green
17165,Kathleen Sims
17462,Brian Sutton
14620,Daniel Jenkins
14740,Michelle Pierce
16462,Brittany Becker
12428,Richard Watson
16078,Christine Bailey
16915,Michelle Miller
15676,Joseph Walls
15709,Jasmine Collier
15241,Carlos Underwood
12933,Julian Atkins
15092,Kristopher Martin
12679,Tammy Pugh
15319,Jose Love
16212,Christopher Morgan
15257,Scott Nelson
14656,Brittany Benton
13884,Samantha Jones
12866,Michael Decker
13166,Terri Stokes
16389,Daniel Jones
15416,Laura Sparks
15733,Joseph Cummings
16678,Karen Smith
12834,Rachel Ferguson
13722,Michael Davis
14934,Samantha Horne
15067,Gordon Miller
16128,Kaitlyn Edwards
17770,Traci Waters
15622,Andrew Vasquez
14473,Christopher Shaw
15104,Keith Smith
15643,Vanessa Fisher
16792,Michael Thompson
15031,Emily Shaffer
15636,Jennifer White
12873,Ronald Harrington
17923,Dustin Wright
16217,Dan Young
17738,Scott Hunt
17426,Elizabeth Reyes
16957,Matthew Davis
16571,Kyle Page
14483,Bryan Frazier
15087,Courtney Henderson
16709,Cheyenne Craig
17856,Joseph Hammond
15053,Brittany Clark
18218,Samuel Mullins
16159,Cody Taylor
17995,Carol Baker
17374,Joanne Steele
17789,Sydney Cooper
17416,Justin Hicks
17652,Felicia Lee
13476,Sandra Anderson
12817,Alicia Fleming
15393,Roberto Johnson
13014,Samuel Blackburn
17508,Martha Perez
13931,John Donaldson
12541,Teresa Reyes
13382,Michael Cross
15220,Ricky Cunningham
14570,Jackson Williams
14447,Lori Ortiz
13557,Ashley Berry
16449,James Morrison
12547,Christine Johnson
17325,Joshua Woods DVM
14995,Dr. Matthew James
16414,Jordan Mcclain
15681,Angelica Zuniga
14670,Brian Nichols DDS
15675,Paul Meyer
12584,Jessica Miranda
17535,Kaylee Keith
15400,Shawn Brown
14903,Cynthia Bowers
14499,Tom Williams
18211,Janet Francis
14504,Sarah Torres
15572,Richard Rubio
17107,Ashley Perry
14247,Sandra Parker
15554,Brian Ward
14915,Stephanie Miller
16136,Gregory Morris
18280,Brent Wilson
12614,Omar Johnson
13344,Matthew Mooney
16621,Jonathan Black
16225,Priscilla Smith
14214,Edward Washington
14012,Stephanie Mendez
16356,Benjamin Garcia
17654,Juan Rodriguez
15026,Lauren Gonzales
16517,Suzanne Miles
14817,Thomas Peterson
17092,Michael Bennett
16242,Melissa Gordon
15869,Benjamin Lopez
17817,William Sloan
15234,Dr. Charles Melton
15764,Sheri Duran
15806,Joshua Joyce
15819,Dana Morton
14586,Anthony Parks
15944,James Holmes
13340,Nathaniel Boyd
16917,Kimberly Carson
14407,Kaitlin Foster
13908,Luis Dougherty
12758,Adam Vance
13975,Amy Wilkerson
14730,Jennifer Bentley MD
12623,Megan Larson
14367,Larry Hoover
13373,Adrian Conner
16712,Ashley Baker
17639,Douglas Griffin
16426,Rachel Morgan
16495,Corey Harrison
14336,Susan Jenkins
14507,Katelyn Rodriguez
12759,Henry Crosby
17049,Suzanne Walton
15206,Samantha Bradford
14013,Reginald Pham
14645,Katherine Gonzalez
15071,Courtney Wiley
14112,Thomas Herrera
13026,Alexis Thompson
12881,Nicholas White
17864,Justin Lopez
14936,Latoya Bauer
17138,Bridget Evans
16572,Mary May
14165,Brian Berry
15367,Jessica Payne
14291,Richard Harris
15632,Brittney Larson
14297,Brooke Sheppard
13899,Kristin Campbell
16471,Jacob Webb
18183,Antonio Johnson
14603,Terrance Garrett
18173,Sarah Patterson
14854,Maureen Williams
16625,Mark Williams
14064,Mrs. Kerry Hogan DVM
15308,Dakota Ross
18086,Brenda Greer
14350,Jason Hart
14930,Alex Wilkerson
16080,Leonard Coleman
14727,Marcia Figueroa
16778,Chelsea Maldonado
14077,David Thompson
16808,Hannah Mcclure
16475,Laura Walls
13265,Curtis Sanchez
12520,Kenneth Rice
15049,William Myers
18149,Travis Young
13654,Robert Ball
16652,Lori James
16766,Paul Thompson
16801,Sean Garcia
17164,Reginald Rice
13226,Christopher Kirby
13043,Patrick Branch DVM
14352,Tammy Lozano
17351,Michael Roberts
16768,Stephen Ware
16693,Jordan Johnson
13956,David Jones
13708,Timothy Powell
15918,Charles Wilson DDS
15671,Logan Taylor
14962,Jason Norton
16807,Samantha Terrell
15125,Edwin Martinez
16871,Rebekah Perry
12901,Alisha Mitchell
13452,William Lynch
15493,Cheyenne Rogers
16005,Roger Flores
15388,Dr. Carolyn Taylor
16804,Benjamin Torres
13499,Joshua Sherman
15047,Chris Myers
14193,Teresa Cooke
17542,Heather Bell
17080,Kim Duran
16392,Susan Mcintyre
15106,Michelle Daniels
16214,Nicole Taylor
13716,Paul Marshall
15150,Tammy Carroll
16061,Tony Gibson
14226,Megan Robbins
13121,David Tanner
16297,Ryan Wheeler
12994,Timothy Rogers
16152,Richard Herman
14636,Melissa Villa
16040,Joyce Johnson
15793,Tracy Allen
13358,Matthew Buckley
12849,Mr. Jose Johnson PhD
15182,Cheryl Adams
13299,Kurt Blackwell
16383,Brooke Lane
15381,Antonio Carpenter
12597,Christina Schultz
15030,Mark Lawrence
12435,Shannon Booker
12955,Justin Shields
18189,Michelle Colon
13946,Frank Rodriguez
17716,Charles Spears
13185,Amy Gonzalez
14840,Danielle Lee
13216,Isabel Chan
13650,Stephen Brewer
13533,Carla Thompson
13268,Sherry Curtis
15433,Emily Buchanan
12937,Debra Roman
17603,Paul Peterson
16216,Kimberly Castillo
16377,Jill Johnson
16976,Darrell Green
12514,Kevin Jenkins
18210,Kenneth Beasley
13631,Harold Cooley
14422,Michelle Klein
15648,Lawrence Lewis
17725,Samuel Kelly
15861,Jill Hunter
13072,Xavier Moore
15695,Jaime Long
14110,Jordan Mann
14059,Alexander Garcia
16672,Matthew Escobar
16511,Brenda Pittman
16256,James Ruiz
13591,Mr. John Holland MD
14066,Pam Young
15483,Dr. Jason Sutton
16626,Crystal Hill
15019,Angela Caldwell
18270,Donna Lopez
14315,Nicole Gray
17921,Megan Jones
14041,Kevin Brennan
17060,Jeffery Velasquez
16023,Phyllis Hunt
17133,Elizabeth Rodgers
12878,Carl Alexander
14155,Carolyn Snow
17043,Jacqueline Baker
13046,Terry Barnes
14633,Charles Castaneda
12948,Samuel Williams
15703,Karen Rowe
14071,Dawn Joseph
17134,Zachary Campos
17795,Katie Diaz
12902,Timothy Gonzalez
16444,Jason Vega
14232,Colleen Johnson
14693,Nicole Brooks
12407,Andrew Jennings
16728,Linda Caldwell
16096,Christopher Henry
13985,Sara Brennan
13592,Michael Macdonald
15140,Karen Pitts
12843,Thomas Walters
14408,Brandon David DDS
15408,Mary Hunt
15445,Brad Cordova
15452,Eric Kelly
14223,Mrs. Rita Wright DDS
16619,Stephanie Newton
14762,Alyssa Caldwell
13934,Luke Baker
15669,Erika Fernandez
16384,Cynthia Larson
18224,Marcia Parker
14245,Robert Quinn
17678,Jennifer Crawford
15855,Catherine Peters
16036,Morgan Carroll
17763,Christie Jones
13262,Leslie Lewis
17152,Kenneth Payne
14632,Shannon Orozco
13900,April Kane
14875,Jessica Keith
15132,Roger Davis
17272,Theodore Dunn
16135,James Miller
12831,Joseph Wade
15437,Timothy Walls
16809,Jason Davis
14711,Patricia Rogers
14377,Shelley Rios
16374,Ryan Thompson
13196,Robert Reyes
15457,Kristina Hernandez
12613,Andrea Russell
16721,Holly Nichols
12399,Rachael Williams
17733,Anthony Adams
17102,Brian Shaw
15410,Jessica Mccormick
13239,Shawn Smith
15449,Amy Hill
14870,Jennifer Duncan
13821,Teresa Lara
17096,Gina Myers
12604,Andrew May
12818,James Anderson
18191,Dr. Emma Lopez PhD
14461,Neil Payne
13132,Ashley Fuller
16859,Tracy Osborn
15245,Charles Ewing
17486,Michael Robinson
16308,Martin Martin
12564,Wendy Norton
14607,Tina Boyle
13249,Kathleen Hodges
15644,Mr. Christopher Green PhD
14075,Kristen Bryan
17250,Nathan Rogers
17966,Suzanne Brown
14129,Aaron Gray
15651,Alexandra Taylor
13035,Stephanie Wright
13341,Sonya Pierce
13512,Shawn Johnson
16620,Andrew Thompson PhD
17698,Michael Cherry
14267,Cristian Collins
13736,William Griffin
16022,Christopher Alexander
14235,Keith Jenkins
16769,Kerri Whitehead
17754,Charles Wilson
12408,Scott Rodriguez
16063,John Ruiz
15178,Jill Nguyen
14348,Andrew Matthews
15815,Rachel Rojas
13695,Samuel Daniels
17979,Jeff Davenport
13139,Tracy Rodriguez
12545,Terry Jones
14758,Joseph Murray
14536,Tina Martinez
13662,Robert Lawson
17946,Ryan Wilson
13743,Eric Miller
18078,Shane Smith
16780,Linda Kim
18273,Melinda Sparks
15045,James Quinn
17625,Chelsea Case
13357,Vanessa Ortiz
16777,Shirley Combs
14476,Zachary Cooper
16245,Mr. Christopher Dunlap
12669,Amy Martin
12792,Ryan Moore
17765,Suzanne Villarreal
15083,Cynthia Johnson
18010,Seth Moreno
15249,Darryl Johnson
13760,Benjamin Stewart
15624,Christopher Powell
17749,Kyle Adams
15068,Timothy Oliver
14538,Susan Smith
14851,Stephanie Wood
14021,Mary Porter
13037,Carolyn Miller
18177,John Turner
14128,David Hogan
17874,Michael Jimenez
17719,Frank Stewart
17931,Andrew Vasquez
13803,Sharon Salazar
17398,Monica Jackson
15906,Christine Burnett
16253,Travis Patton
13439,Russell Schneider
12888,Erin Wade
13588,Brian Wall
12456,Tony Reed
15521,Ashley Mason
13720,Robert Burke
15674,Jeffrey Fleming
17594,Heather Barnett
17775,Cheryl Henson
13988,Travis Martin
16657,Larry Gray
15424,Aaron Fowler
13316,Craig Flores
16788,Daniel Ward
16584,Julia Bell
15364,Christopher Martin
18108,Hayley Solis
14272,Karen Simon
15980,Victoria Howell
15832,Rebekah Adams
16092,Lisa Mckinney
15528,Vanessa Walker
16398,Ruth Hines
17088,Scott Bolton
17438,James Young
13060,Carla Raymond
14790,Dennis Jimenez
14890,Lisa Castillo
16386,Stephen Roberts
14818,Kevin Jones III
13571,Elizabeth Thompson
12909,Andrew Miller
12619,Richard Price
16698,Matthew Powell MD
16681,Sarah Singh
13573,Craig Jones
14957,Darrell Hernandez
13918,Ashley Mayer
17212,Brian Le
17781,Corey Carr
14886,Christopher Morton
13626,Alejandro Williams
16609,Tiffany Love
16180,Alex Ashley
13462,Laura Lowe
18263,Jessica Miller
16960,Matthew York
13841,Whitney Velazquez DVM
17701,David Coleman
12949,Karen Williams
14852,Matthew Mclean
12569,Michele Oneal
13169,Ryan Smith
16162,Veronica Kaufman
15691,Karen Heath
14195,Shannon Ritter
13781,Fernando Thomas
17758,Nathaniel Dawson
14023,Lindsay Brown
17669,Jason Morgan
16142,Maria Fernandez
17648,Mr. John Houston
13059,Candace Cordova
16224,Steven Murphy
15223,Matthew Bates
17886,Philip Faulkner
13294,Justin Collier
15289,Stephanie Nelson
18185,Tyler Coleman
17956,Kenneth Miranda
15756,Jennifer Nelson
14747,Timothy Santana
14719,Charles Lewis
13015,Heidi Maddox
16586,Christina Smith
16105,Sean Henderson
14546,Victoria Sanchez
15442,Alexis Brown
16906,Annette Moore
14535,Ashley King
16170,Katherine Anderson
15244,Robert Bennett
16696,Richard Ramirez
15145,Kaylee Montoya
17492,Colton Henry
13525,Adam Davidson
17409,Alexander Taylor
17783,Tyler Gutierrez
13863,Mark Allen
13515,Michelle White
15917,Dean Edwards
17440,John Watts
17045,Lindsey Curry
17140,Kathleen Downs DDS
15201,Jennifer Smith
14964,Amanda Jacobson
16031,Laura Roach
14403,Mary Moore
17042,Tracy Rogers
13771,John Hill
17906,Christopher Cole
18272,Mrs. Rebecca Johnson
16144,Todd Lin
13731,Bethany Everett
12580,Maurice Roberts
14912,Nicholas Jones
15530,John Cole
13950,Sarah Anderson
13752,Karen Holmes
13892,Christopher Hamilton
14446,Antonio Hancock
16209,Karen Owens
15754,Felicia Rivera
13712,Daniel Alvarado
15800,Eric Diaz
16469,Craig Brown
13005,Mary Donaldson
14981,William Nguyen
17928,Jorge Carlson
16261,David Bishop
17883,Joseph Davis
14619,Debra Sutton
13995,Cheryl Mccormick
16643,Mary Griffin
14246,Roberta Quinn
18040,Erin Kim
16837,Christopher Chen
15119,Jacqueline Johns
16325,Christopher Vasquez
14924,Sean Martinez
15109,David Price
16623,Johnny Acevedo
12999,Alan Hernandez
12717,Evan Carter
13962,Lindsay Jones
18036,Kerri Jackson
14958,Jenna Baker
13562,Paul Pearson
15775,Tammy Jackson
17054,Stephanie Long DDS
17268,Debra Cruz
13548,John Ramos
13508,Brian Reynolds
12447,Jessica Lynch
13570,Suzanne Campbell
13232,Colton Faulkner
18129,Michael Zamora
13632,Stacey Baker
15665,Joseph Bell
17550,Alejandra Mcdaniel
15655,William Watson
14286,Joseph Carpenter
16188,Dale Hines
12656,Nicholas Perry DVM
15214,Ryan Miller
17574,John Duffy
15737,Emily Jones
18080,Victor Larsen
14311,Steven Cox
14339,Peter Rosario
12982,Deanna Smith
12701,Taylor Long
12596,Sean Smith
14273,Rodney Kim
12363,Jamie Wright
13549,Richard Moore
15414,Bryce Gardner
13203,Nicole Flynn
14628,Dennis Camacho
14326,Lisa Lambert
15935,Mr. Robert Harrington
13655,Anna Johnson
12910,Glenn Schroeder
13577,Shawn Perez
15251,Nancy Vega
14111,Kyle Stevenson
17160,Mary Mayo
16172,Richard Jackson
17972,Cheryl Johnson
12463,Jason Pitts
14844,Amanda Lee
17278,Danielle Tucker
15212,Robert Hamilton
16729,Jon Sanders
14998,Daniel Cannon
13484,Anita Washington PhD
16697,Ann Stout
14931,Ryan Adams
18236,Joshua Lawrence
13740,Daniel Roach
16454,Scott Williams
15230,Matthew Rasmussen
15134,Bryan Cooper
16309,Lisa Simpson
13544,Austin Moreno
14262,Craig Ramos
13134,Michael Williams
17589,David Jones
16097,Jennifer Preston
13122,Timothy Clark
16966,Jesse Phillips
17746,Jeremy Browning
16175,Randy Miller
14834,Lindsey Miller
16348,Amanda Shaw
15147,Tiffany Escobar
16131,Patrick Jones
15813,Gregory Baldwin
17058,Brooke Nguyen
17704,Kelli Bishop
16933,Nicholas Cox
13772,Brandi Hernandez
16249,Nicholas Hernandez
14198,Jacqueline Clarke
13989,Jason Nguyen
17930,Kent Hicks
14154,Courtney Spencer
14482,Jennifer Huber
14163,Sarah Garcia
14105,Lisa Jones
17601,Jonathan Gomez
17142,Mark Davila
13811,Terry Cruz
12457,Amy Lambert
15135,Krista Carney
16806,Mary Malone
13952,Hector Dunn
13120,Tara Perez
12769,Stephen Golden
13516,Cory Perez
14323,Ashley Baker
18079,Patricia Tucker
12639,Mr. Jerome Jackson
14700,Vickie Young
15027,Mary Tucker
17367,Adam Dorsey
18213,William Strickland
17029,Paula Valencia
13220,Miguel Williams
15985,Blake Bean
16193,David Taylor
15172,Judith Young
13692,Johnny Hunt
15745,Megan Hines
17582,Lisa Taylor
13474,Paul Stephenson
17697,Melinda Kemp
16639,John Ramirez
16947,Virginia Arroyo
15491,Tina English
16617,Daniel Mckee
15265,James Webster
16226,Paul Miles
18009,Terry Russell
16399,Sean Lee
14623,Kevin Brooks
15625,Jennifer Adams
18064,Randy Smith
15508,Emily Patton
16628,Shane Miller
13647,Adam Baker
15594,Bradley Yoder
13479,Andrew Walker
13735,Jamie Pierce
13376,Kurt Graham
15717,Rachel Riley
13719,Wendy Morgan
16633,Patricia Dyer
13101,Nancy Greene
15225,Jaime Kidd
14152,Timothy Williams
12733,Ashley Tran
15436,Cynthia Yu PhD
17217,Christopher Clark
17734,Diana Davis
14905,Gregory Rodriguez
14148,Kendra Gray
16103,Patricia Patel
14626,Terri Huffman
14868,Adrienne Murphy
18246,Kirk Villegas
13485,George Freeman
15517,Savannah Estrada
17115,Emily Bowman
17120,Heather Coleman
16611,Michelle Potts
15912,Levi Baker
12506,Thomas Bailey
12670,Virginia Richard
17588,David Hoffman
14759,Keith Carter
16185,Wayne Hooper
13505,Sherry Hernandez
13389,David Ryan
12354,Darrell Rowland
17631,Mark Henry
17061,Andrea Williams
17718,Jennifer Thomas
17630,Nina Woods DVM
13223,Deborah Roth
16146,Jessica Jackson
17109,Michael Smith
16587,Courtney Watson
12622,Jessica Goodwin
16750,Timothy Sawyer
13482,Sandra Ho
14512,Emily Martin
17670,Becky Davis
16834,Kara Jones
15108,Frank Reynolds
16942,Christina Harper
14640,Kelli Lopez
16823,Oscar Hunter
15237,Morgan Garcia
12573,Amber Phelps
17854,Brian Gonzalez
18220,Devin Jones
17436,Eric Morris
16965,Toni Gray
12840,Jasmine Santos
15891,Michael Thompson
17187,Jason Rogers
13637,Austin Johnson
17991,Sierra Thornton
16418,Michael Green
16099,Renee Castro
15768,Candace Cruz
16637,Donna Casey
14240,Stephanie Webster
15143,Carol Carroll
13229,David Gonzales
14973,Mark Hayes
14271,Jamie Cooper
15952,Jose Johnson
16227,Caroline Ingram
17893,Kaylee Lee
14022,Troy Davis
15210,Tiffany Williams
16370,Lisa Wilkins
15376,Jessica Clements
14655,Daniel Newton
17615,Kevin Mason
16055,Jean Marsh
14149,Teresa Chang
17501,Morgan Hunt
14191,Marc Le
13282,Claudia Harris
15582,Dennis Davis
16230,Craig Keller
18146,Jonathan Gomez
15976,Thomas Yates
17443,Jasmin Fowler
12886,Carol Stevenson
17974,Laura Stewart
13524,Connor Hansen
17955,David Shelton
15128,Kelly Palmer
16610,Megan Banks
17394,Cynthia Cooper
14173,Thomas Gutierrez
16258,Paula Shaw
14948,Emily Franklin
17384,Sarah Colon
16990,Lawrence Travis
13762,Natalie Finley
12593,John Perez
14340,Charles Noble
17429,Kathryn Skinner
13711,Lori Bailey
14515,Pamela Smith
16457,Michelle Newton
17527,Ryan Stevens
14199,Ronald Ross
13888,Christopher Schroeder
14423,Robert Williams
14697,Whitney Garcia
17522,Julie Cruz
13867,Lisa Fleming
17624,Matthew Williams
14393,Veronica Morris
17578,James Combs
13450,Dean Price
17423,Richard Simpson
18241,Jerry Riley
15668,Paul Friedman
16319,Glenn Sweeney
15757,Katie Parker
17174,Jennifer Rivera
13365,Christina Davis
18227,Emily Brown
14145,Jessica Thomas
18235,John Shelton
13741,Laura Carpenter
12394,Joann Miller
16832,Wanda Sanchez
15258,Joan Marks
15552,Eric Jensen
18170,Anthony Garcia
13723,Richard Johnson
14005,William Stephens
15561,Kaitlin Ruiz
16121,Jennifer Armstrong
18142,Alan Norris
13642,James Edwards
15117,Raymond Cruz
13561,Bryan Oliver
15704,Chelsea Ho
16007,Suzanne King
16232,Cody Ramirez
17410,Patrick Welch
13835,Matthew Heath
13427,Mrs. Laura Gomez
14353,Marissa Miller
12700,Carlos Harvey
13003,Jonathan Schneider
16756,Brian Smith
13492,Katie Coleman
16440,Jason Bolton
18120,Elizabeth Moon
12355,Joseph Ray
17723,Francisco Walsh
14699,Juan Carter
12821,Rebecca Long
13055,Shannon Hoover
13320,Betty Kelly
16357,Shawn Mendoza
18242,Deanna Moore
15865,Katherine Johnson
17597,Mrs. Ariana Mason
14397,Heather Carrillo
13242,Joseph Hunt
12684,Robert Glover
14288,Dustin Hayes
15063,Steven Rodgers
12592,Tammy Scott
14591,Ms. Rebecca Barrett
13990,Jessica Smith
12749,Dennis Mitchell
16320,Mary Wells
14691,Samuel Wilson
16229,Jermaine Harper
14920,John Waters
17489,Morgan Bond
13404,Benjamin Hill
15729,Shawn Thomas
16644,Tanya Thomas
14731,Jacqueline Callahan
14277,Kimberly Ramirez
15187,Andrea Potter
13052,Teresa Lewis
18133,Bob Collins
17664,Susan Johnson
14649,Jessica Steele
13235,Denise Brown
14883,Kimberly Solis
12976,Christina Cox
14681,Ronnie Wilkins
14421,Michelle Dunn
16116,Walter Campbell
14988,Christopher Hartman
15489,Leslie Peterson
14364,Melissa Fischer
16006,Daniel Alvarez
16184,Jennifer Hall
17932,Rhonda Francis
18221,Mitchell Johnson
12590,Monica Jones
14853,Christian Flores
17658,Michelle Boyd
17764,Mrs. Lori Davidson
14651,Daniel Wallace
14000,Larry Gates
13601,Karen Anderson
12757,Jade Garcia
17970,Bradley Hernandez
12770,Debra Smith
15826,Nicole Oneill
15907,Vincent Edwards
12695,Erica Wilson
14342,Mark Jones
14873,Heidi Johnson
14689,Preston King
15440,Thomas Schwartz
16076,Brian Munoz
15333,Caleb Doyle
16283,Alexandra Lee
17263,Maurice Carrillo
16877,John Ruiz
12674,Jeffrey Gross
16642,Michelle Mcbride
12871,Joy Daniels
14038,Alexis Mendoza
14489,Jamie Salazar
14888,Joseph Butler
17190,Alex Brock
13456,Katrina Hicks
17898,Kelly Yates
13976,Christine Jackson
16139,Jeremy Medina
15730,Larry Benson
16266,Amy Wilson
15123,Gerald Young
17505,Caleb May
12690,Julie Brown
16446,Raymond Jacobs
17556,Madison Mcmahon
14583,Erik Gordon
16818,Sierra Hanna
13572,Sara Mason
14009,Steven Clark
13258,Sean Jackson
14463,Rebecca Clark
13192,Mark Lawrence
16987,Darrell Shepard
13417,Ashley Wilkinson
17047,Matthew Wolfe
15116,Samuel Walker
17469,Douglas Macdonald
16647,Eric Sparks
15630,Adam Hall
17245,Sarah Anderson
16008,Lisa Williams
17871,Erin Mccarthy
13529,Amy Anderson
12620,Jeremiah Ferguson
15599,Anthony Mosley
16813,Trevor Contreras
14859,Heather James
16463,Pamela Smith
15791,Frank Walsh
13658,Lindsay Higgins
13887,Dennis Nelson
12353,Diane Daniel
14551,Leah Jones
17166,James Carson
17926,Michael Berry
13391,Robin Williams
17455,Gregory Gill
13308,Joseph Hudson
13856,Peter Schultz
13243,Karen Cohen
15095,Patricia Finley
18048,Katherine Porter
18287,Sherry Washington
18150,Emily Madden
16690,George Jackson
13555,Michael Ellis
16038,David Palmer
13972,Jordan Horton
13227,Daniel Small
13657,Daniel Smith
17176,Lisa Mitchell
14837,Glenn Smith
14682,Ethan Lane MD
14921,Shelby Wilson
16341,Deborah Meyers
14647,Joshua Morales
12710,Martin Morgan
15292,Brianna Armstrong
15705,Makayla Jackson
13339,Brianna Hoffman
13885,Gregory Benton
12360,William Baker
13546,Sara Fischer
17715,John Montoya
18160,Sylvia Medina
15434,Christopher Myers
15734,Andrew Jacobs
13737,Todd French
13213,Nichole Roy
18018,Erica Nelson
15314,Anthony Moreno
17521,Miranda Mclaughlin
15042,Adam Schwartz
12863,Rebecca Anderson
16091,Brittney Hale
15804,Sherri Harris
14593,Kyle Roberts
14287,Eddie Turner
16763,Kevin Mayer
14705,Brandon Adams
12562,Bradley Young
12815,Jessica White
14522,Ashley Rodriguez
16448,Susan Powers
14584,Kevin Ramirez
12974,Thomas Mckee
12987,Jesus Jones
14816,Zoe Reyes
15852,Joe King
16624,Shane Carr
12493,Ms. Diana Smith
18232,Joseph Walters
18073,Jo Cox
16369,Kelsey Davidson
14280,Timothy Olson
13135,Evan Petersen Jr.
17345,Jennifer Huynh
16275,Angelica Cole
14338,Daniel Cooper
15402,Patrick Roberts
12876,Stephanie Torres
16323,Matthew Parks
12426,Joshua Mccall
14451,Rebecca Rivera
14823,Bill Ortiz
15897,Karen Sherman
17051,Timothy Thompson
15925,Joshua Mccarty
12787,Michelle Cain
15863,Louis Harris
16483,Lisa Riggs
13398,Scott May
13070,Karen Young
14819,Paul Hanna
12790,Debbie Morales
15163,Angela Swanson
18204,Mr. Alexander Welch
15124,Donald Benson
12473,James Bishop
16969,Sheila Reyes
14597,Hector Cooper
13917,Julie Moore
13062,Rachel Randall
16484,Rachel Fields
15184,Lori Adams
18135,William Jones
14453,Melvin Murray
17900,Robert Stuart
13437,Sherry Bass
12517,Jason Torres
16529,Samantha Archer
17531,Martin Blackburn
16239,Gregory Johnson
14500,Michael Nicholson
16117,Angela Wilkinson
13248,Alison Hayes
16967,Scott Lewis
15405,David Olson
16659,Julie Fernandez
16880,David Ramirez
13435,Samantha Orozco
13131,Deborah Mejia
14891,Jeffrey Allen
16682,Ms. Katelyn Gibson MD
15453,Andrew Mccullough
16963,Ryan Mack
13682,Kathleen Clay
15152,William Allen
15462,Carla Alexander
12449,Debbie Montoya
15349,Roger Day
16849,Paul Hatfield
12802,Bonnie Castro
15073,Andrew Neal
16298,Christopher Johnson
12535,Chad Johnson
18248,Rebecca Browning
15386,Rebecca Johnson
17252,Shelly Collins
14542,Zachary Costa
16825,Jose Jimenez
12380,Kristine Franklin
18072,Melanie Nichols
13643,Christy Rodriguez
15969,Julie Adams
13283,Theresa Myers
17015,Mary Brown
14375,Miguel Grant
17124,Miranda Cole
17987,Michael Lowery
13395,Ronnie Bruce
17828,Ann Brewer
15743,Stephanie Chambers
17414,Monica Humphrey
14622,Marie Carlson
15609,Dr. Sean Hunt
14561,Rebecca Gilbert
16872,Brandon Kelley
16358,Lee Sweeney
15238,Marcus Gray
13466,Melissa Vaughan
17360,Summer Miller
13510,Mr. Gregory Santos DDS
12406,Michelle Hammond
14241,Misty Palmer
14132,Rhonda Hurley
14963,Teresa Lyons
17169,William Williams
15252,Cindy Ray
17731,Cody Sanchez
16113,Kristen Jackson
12694,Jessica Ward
16107,Gary York
17483,Gina Wiggins
15679,Daniel Hernandez
13686,Thomas Chavez
16581,Maria Johnson
15267,Richard Schwartz
17234,Jesse Murphy
17797,Kelly Ware
16614,Jordan Rubio
12409,Ellen Hogan
15411,Jason Barnes
14178,James Santana
15098,Jason Fitzpatrick
18281,David Carroll
14984,Jorge Johnson
12516,Caleb Huber
17265,Angela Mclaughlin
13617,Susan Soto
17242,Samantha Cruz
17289,Peter Smith
16018,Alexandra Tanner
14704,Cynthia Douglas
16794,Christopher Kemp
13761,Steven Chapman
13517,Daniel Benson
13936,Rebecca Davies
16342,Mark Morgan
14177,Willie Martinez
12732,Joyce Johnson
16205,Johnny Gray
15036,Daniel Nolan
13589,Andrew Wu
17579,John Wagner
15069,Jeffrey Wilson
17349,Lauren Coleman
13080,Rodney Ryan
13663,Christopher White
14503,Kathleen Bell
16774,Leonard Houston
13384,Brandon Rodriguez
17101,Kathleen Dunn
14997,Christopher Yang
17155,Zachary Hart
12809,Mary Grant
16461,Gregory Patel
13343,Samantha Burgess
12624,Janice Greer
18165,Alexis Villarreal
17536,Rebecca Mann
16324,Michael Vaughn
17651,Alvin Hogan
14222,Theresa Romero
15585,Eric Farrell
17490,Jessica Parsons
16739,Mary Leonard
16276,Jacob Riley
17193,Erin Peters
16257,Charles Evans
14285,Heidi Evans
17642,Alejandro Dyer
12816,Rachel Bailey
13826,Annette Phillips
13575,Robert Jones
17157,Bradley Cox
16852,Derrick Lee
15219,Richard Nixon
15014,Stacey Nelson
14765,Jason Brewer
16869,Paul Robinson
15909,Melissa Schmidt
13618,Robin Hester
16050,Anna Brooks
17879,Sheri Abbott
17562,Howard Patel
15334,Mindy Ferguson
12450,Brandon Sims
13568,Caitlin Lopez
14820,Seth Johnston
16744,Linda Griffin
15700,James Foster
17299,Jacob Ray
12837,Erica Taylor
15076,Nicholas Cherry
17444,Derek Russell
15921,Darryl Smith
15747,Earl Davidson
15840,James Day
15016,Kevin Fuller
14808,Mitchell Molina
12904,Susan Zamora
15825,Yesenia Cunningham
12432,Angela Chavez
15389,Jordan Shields
15280,Jared Arnold
17159,Brenda Williams
12830,Steven Cortez
15507,Krista Sanders
18252,Shelia Brown
16526,Dave Jackson
17695,Timothy Ochoa
12930,Cheryl Alvarez
14960,Bailey Chavez
12444,Joseph White
17960,Susan Frank
15412,Michael Hall
13763,Hannah Brown
12798,Joseph Potts
13849,Tracie Hawkins
16114,Angela Bradshaw
13420,Nathan Carlson
13780,Katherine Barr
17877,Patrick Ryan
16247,Adam Weeks
15041,Kristen Mcdonald
12379,Cynthia Wolf
16287,Ashley Baird
12919,Rodney Sampson
15130,Edward Mullins
12704,Ryan Miller
17370,Michael Fisher
17709,Jennifer Boyle
15253,Jordan Miller
13300,Dr. Susan Gomez
17759,Steven Rivera
12465,Jon King
12412,Eduardo Castillo
12697,Randy Love
13937,Megan Davis
12615,Maria Woods
15850,Marcus Roberts
15186,Alicia Ellis
13791,Kevin Obrien
14795,Larry Brewer
17768,Barbara Taylor
18112,Michael Gonzalez
12548,Brooke Jones
17386,Jason Haley
14104,Isaac Richard
17110,Gloria Martinez
13895,Deborah Hancock
16545,Eric Christensen
16671,Richard Carroll
14351,Phillip Wilson
17391,Robert Cochran
16824,Bradley Diaz
17750,Albert Hoover
16200,Dr. Regina Brown DDS
17997,Christopher Vaughn
14383,Duane Hurley
13461,John Griffin
17408,Jacob King
15537,Peter Howard
14327,David Martinez
17837,Tiffany Cervantes
12424,Dominique Sanchez
15578,Paula Khan
15584,Phillip Schwartz
13745,Christine Parker
16498,Annette Taylor
17891,Matthew Dean
17123,Jennifer Flynn
16866,Johnny Carroll
13730,Jeffrey Robinson
16589,Jennifer Smith
12922,Hannah York
16009,Christina Johnson
14053,Stephen Schneider
17939,Kathryn Taylor
17312,Mrs. Rebekah Robinson
13833,Dr. Taylor Brennan
17899,Anthony Brandt
15007,Molly Willis
17464,Karla Holloway
18265,Tracy Miller
16344,Jacob Ramos
13338,Stephanie Mercer
17024,Joseph Johnson
14034,Candice Arroyo
18203,Susan Rose
16616,Joel Hines
16338,Douglas Crane DDS
17046,Patrick Ramirez
13109,Tyler Thomas
16829,William Turner
13217,Kimberly Johnson
14002,John Parrish
12977,Timothy Carter Jr.
13291,Kyle Adams
13583,Ashley Weaver
16929,Brian Nielsen
17892,Linda Walker
15505,James Maldonado
14459,Chelsea Harvey
18013,Sara James
13681,Jenna Perez
13699,Kaitlin Orr
14493,Vincent Aguirre
13486,Shane Foster
13302,Kara Young
16012,Abigail Davis
12635,Carol Thomas
17031,Johnny Davis
12461,Nicole Bauer
12648,Eric Adams
18121,Isabella Williams
15901,Justin Thompson
14918,Steven Jenkins
15920,Erica Vega
17353,Raymond Martinez
18024,Amanda Lara
15467,Andre Owens
16174,Suzanne Jones
13678,Jenna Thomas
14690,Jim Thomas
13058,Todd Jones
14552,Melinda Diaz
12556,Jill Fischer
13224,Melissa Marshall
16989,Nathan Nelson
12358,Douglas Kim
13207,Mrs. Monica Hunt
18122,Julie Barker
12722,Brandon Cooper
17405,Christopher Garcia
13311,Lisa Sparks
15051,Wesley Shea
15895,Ryan Wheeler
15795,Devon Mccoy
13669,Scott Browning
16450,Brandon Garcia
13667,Bryan Jackson
14400,James Robinson
12405,David Williams
14265,Mario Rose
14847,Emily Brown
14862,Michele Crosby
16488,Rhonda Doyle
15256,Amy Richmond
14716,Jordan Cruz
13933,Loretta Smith
14857,Dawn Smith
15306,Mitchell Knight
15839,Leslie Valentine
13994,Diane Thomas
17554,Michael Valdez
14332,Melvin Hunter
17266,Karen Jacobs
17948,Jason Bridges
15004,Martha Villarreal
14722,Shelby Neal
13507,Luke Mayo
13967,Paige Lee
16054,Kristopher Carlson
12833,Melissa Boyer
16474,Heather Jimenez
17984,Mr. Michael White MD
12589,Dana Romero
17448,Russell Welch
16762,Tara Mcmahon
15369,Tim Hernandez
13154,Michael Smith
13940,Wendy Carrillo
14029,Charles Hancock
14117,Angela Morgan
13167,Bradley Alexander
17779,Ryan Myers
13991,Shelly Mccormick
18101,Mr. Todd Chavez
17065,Diane Franklin
13827,Mrs. Sarah Wong
12560,Stacy Lopez
16764,David Robinson
18180,Marisa Harrell
12521,Tammy Moore
17866,Gerald Mendez
15802,Elijah Greer
17229,Spencer King
14456,Kelly Hall
16464,Amy Adams
17962,Danny Farrell
16149,Taylor Davis
14259,Michael Gates
18143,Stephanie Dixon
17935,Nicholas Brown
14517,Charles Simon
17694,Robert Taylor
17660,Misty Ortiz
16041,Erin Roberson
15623,Vanessa Garrett
15829,April Warner
15232,Kathleen Allen
12438,Todd Robinson
12627,Lori Bates
13079,Adam Tucker
18262,Alyssa Winters
13563,Eric Lee
15506,Sharon Travis
16305,Erik Cabrera
12864,Ronald Kirby
17724,Victoria Mitchell
17703,Donald Keller
13116,Steven Johnson
14019,Michelle Miles
17649,Kelly Erickson
16178,Brian Fox
17040,Brian Potter
14100,Christopher Morris
16557,Alex Bridges
13296,Rebecca Murphy
13814,Sarah Allen
16364,Kelly Howell
17693,Michael Wilson
15372,Shelby Clark
15618,Regina Green
13930,Kimberly Hobbs
13379,Carlos Pennington
13194,Lindsey Russell
16447,Teresa Kaufman
14305,David Snyder
12397,Christopher Gomez
14331,Stephanie Foster
15261,Brian Washington
15105,Jason Huang
13813,Denise Preston
18268,Jose Townsend
14855,Veronica Salazar
13925,Lori Nguyen
18237,Shawn Johnson
12453,Kathleen Good
15639,Melanie Fowler
15118,Christopher Green
15746,Anthony Cruz
12743,Matthew Buchanan
15942,Chad Smith
14143,Eugene Smith
15120,Kenneth Maldonado
16147,Cindy Benjamin
13277,Lisa Martinez
18127,Greg Reeves
15149,Thomas Barrett
18081,Miss Andrea Yates
14511,Anthony Jordan
12716,Morgan Burnett
15776,Brittany Rhodes
12981,Francisco Carter
13106,James Green
13928,Amber Davis
14885,Jordan Cooper
13388,Melinda Long
15438,Kristen Baker
17173,Michael Flores
17941,Ricardo Lamb
14947,Sheila Parker
17053,John Huerta
12534,Monica Lynch
12844,Michelle Scott
14567,Amanda Jarvis
14937,Gina Taylor
12828,Casey Keller
16984,Monica Hammond
13023,Sandy Rodgers
17553,Victor Hull
13075,Gregory Taylor
15342,Benjamin Bishop
12644,Samantha Ross
12378,Kelsey Wiley
17788,Timothy Simpson
13850,James Richardson
14076,Rachel Bridges
13805,Jon Lee
17887,Hannah Walter
13186,Amanda Williams
12750,Stacie Wright
15374,Kaitlyn Kelly
17656,Jessica Cervantes
16102,Chelsea Pollard
15089,Nicholas Brennan
14972,Heather Tucker
17514,Jordan Hayes
12917,Scott Delgado
12689,Lance Rosario
14768,Judy Horton
17584,Craig Moore
15254,Jason Bender
18099,Ms. Jessica Strickland
15205,Lindsey Miller
13218,Cesar Edwards
17267,Brittany Brooks
16302,David Spencer
13513,Joshua Gutierrez
14720,Michelle Mcclain
18282,Nancy Wheeler
12610,Michael Nunez
13200,Rebecca Nicholson
14079,Steven Cole
17298,Leslie Bates
14024,Michael Davis
16066,Bryan Pugh
15198,Dr. Gregory Kirby II
12885,Robert Oliver
17331,Tiffany Bennett
13016,Tammy Lopez
13500,Joshua Robinson
15247,Roberto Reed
13355,Jacqueline Espinoza
16053,Oscar Young
13919,Lori Hoffman
12384,Derek Franklin
16292,Christopher Newton
12571,Andrea Maxwell
14116,Kayla Landry
14495,Jaime Rhodes
15494,Jessica Powers
15608,Richard Berry
17248,Ashley Simpson
17653,Amanda Thompson
13645,Jeffrey Nguyen
15469,Jessica Molina
13307,Robert Garrett Jr.
12381,Hayley Mendez
17122,Laura Duarte
14406,Ian Acosta
15683,Gordon White
14301,Kevin Jones
14658,Margaret Jenkins
13621,Eric Vazquez
16272,David Evans
17958,Zachary Nelson
16836,Priscilla Gibbs
16961,Lacey Hill
16902,Courtney Baird
15706,Brenda Wagner
15480,Angela Contreras
15315,Timothy Mullins
15653,Brittany Welch
13159,Tim Wells
13189,Angelica Matthews
17637,Andrea Garrett
12641,Joel Taylor
13470,Richard Johnson
15786,David Hall
15541,Donna Yang
16734,Matthew Hanson
16706,Brittany Hernandez
17070,Tony Wilson
12688,Heidi Rodriguez
12729,James Stewart
12962,Erik Johnson
13273,Edward Morrison
17736,Rita Harris
15472,Kenneth Phillips
12680,Kathy Barnes
16582,Anthony Martinez
17747,Teresa Smith
12513,Lee Chandler
15396,Edward Walker DVM
12418,Fred Klein
16828,Brian Mccann
14712,Brandon Short
12991,Jennifer Conway
14772,Elizabeth Phillips
12364,Luis Myers
12968,Matthew Sexton
16330,Brian Mitchell
14566,Karen Dodson
15701,Michael Williams
12518,Brian Harris
14529,Rebecca Robles
16536,Michael Gray
15313,Steven Rios
15801,Brianna Cantu
16201,Mark Williams
16555,Christina Benitez
16952,Luis Mitchell
14387,Tamara Kelly
17073,Ryan Reynolds
18147,Kristen Johnson
14523,Elizabeth Garcia
14418,Mark Cole
12642,Megan Ruiz
16968,Katrina Welch
16723,Kevin Lewis
13411,Lisa Henderson
16340,Kevin White
13236,Christopher Morris
14196,Aimee Marquez
15263,Andrew Lewis
14314,Christopher Thompson
16093,Grace Lindsey
17844,John Landry
14687,Jeffrey Carter
14050,Nathan Montgomery
16429,Andrew Tucker
14055,Corey Coleman
12715,Katie Buchanan
15663,Dr. Gary Kelley
18200,Natasha Barnes
18167,Molly Andrews
13644,Cheryl Ramirez
17451,Amanda Thomas
16641,Kelly Reyes
13812,Danny Woods
14141,David Ross
15074,Eric Burton
12492,Kim Mendoza
17183,Jessica Davis
15325,Jenny Mack
13778,Felicia Thompson
14869,Chloe Ortiz
14096,Peter Anderson
14108,Anthony Contreras
12814,Corey Davis
15866,Tammy Howard
14660,Heather Johnson
13726,Jerry Johnson
15690,Mr. James Reynolds
17777,Sean Peterson
16278,Billy Chen
13276,Robert Hill IV
12436,Jenny Roach
13147,Heidi Thomas
13045,Zachary Fisher
13099,Luis Brock
12739,Mark Arnold
14420,Amanda Jacobs
14436,Marisa Lyons
18027,Mrs. Debra Scott DDS
12794,Amy Price
12832,Anne Lee
16674,Robin Wilcox
12375,Sandra Davis
16173,Lydia Brown
14171,Nicole Garcia
13434,Joseph Martinez
16761,Lauren Rivera
14067,Charles Burgess
13808,Adrian Buckley
12851,Jesse Moore
14335,Judy Morales
14965,Linda Edwards
15136,Charles Simpson
16629,Scott Jenkins
18261,Jesse Guerrero
15307,Melissa Wise
16820,Allison Jones DVM
17309,Ashley Melton
13949,Jose Hart
14360,Ronald Wilson
16400,Jordan Alvarez
14208,Timothy Lewis
12526,Courtney Turner
13130,Joseph Dunn
13210,Sara Knight
17481,John Baker
12685,Todd Burnett
17573,Donna Walker
14452,David Chambers
13889,Michelle Smith
15488,Danny Abbott
18222,Christine Thomas
13244,Nathan Gonzalez
17004,Adam Williams
13441,Nicole Jackson
13823,Melissa Wilson
12879,Lisa Patrick
16603,Cameron Rodgers
14824,Kirsten Foster
16910,Crystal Sims
15652,Melinda Harvey
16362,Samantha Mcgee
15035,Leslie Franklin
14508,Kimberly Franklin
13272,Victoria Torres
17317,Bryan Medina
14212,Richard Rivera
13372,Justin Ford
18255,Sherry Ortiz
14250,Timothy Johnson
16796,Dr. Bryan Patterson DDS
14432,Michael Elliott
15782,Jeffrey Smith
12883,Joseph Gardner
12965,Dustin Hopkins
15533,James Baker
18215,Justin Beck
18158,Brian Myers
13375,Aaron Reynolds
13431,Todd Wright
16211,Norma Arnold
12884,Robin Wiley
16141,Julia Perry
17919,Mark Davis
16360,Justin Anderson
17433,Angela Collins
13704,Jordan Carney
14020,Dennis Rios
14359,Todd Hill
16451,Jamie Kramer
12940,Aaron Phelps
15216,Michael Howard
15522,Troy Hester
17037,Michelle Walker
12822,Dr. Matthew Bell
15343,Alexis Russell
14753,Michael Barnett
16959,Michelle Dalton
18251,Sean Jones
13032,Eric Cannon
12895,Yvette Raymond
17640,Darlene Liu
13860,William Newman
12756,Felicia Moore
18001,Jessica Jordan
17728,Ronald Hunter
15933,Noah Garcia
14284,Madeline Gilbert
17347,Joshua Burton
15103,Justin Spence
15707,Marcus Collins
13430,Ruben Woodard
12566,Craig Oneill
13321,Taylor Garrison
13877,Alexis Lawson
15272,John Short
15322,Mrs. Stephanie Lang PhD
17333,Jesus Morrison
13518,Leah Conway
14306,Christopher Phillips
17679,Travis Smith
16160,James Rivera
15573,Molly Castaneda
14894,Andrew Hayes
17434,Richard Collins
15466,Vanessa Thomas
15511,Todd Diaz
17846,Jerry Peters
16189,Mark Hunter
15417,Kimberly Smith
12995,Desiree Day
14557,Jon Velez
16108,Elizabeth Jensen
17144,Paul Brown
16924,Sandra Scott
15099,John Andrews
13323,Natalie Walter
14124,Ms. Alyssa Schmidt
15975,Travis Collins
15523,Dale Martin
16878,Charles Sampson
15947,Judy Fox
13247,Brian Hughes
13566,Regina Roberts
18194,Dr. Jordan Fisher
16689,Sean Kline
16438,Kevin Herrera
13067,Paula Patterson
16460,Alyssa Brown
13325,Madison Edwards
12640,Brittany Reynolds
13774,Jose Garner
12497,Lauren Sanchez
12752,Faith Cline
15504,Jonathan Stevens
15500,Charles Smith
17557,Amanda Ruiz
13228,Jacob Hart
14356,Laura Torres
13416,Joe Mercado
17628,Thomas Shields
16527,Sabrina Brown
16428,Deanna Brown
15341,Marvin Lopez
16215,Sara Sanders
14164,George Acosta
15888,James Davis
17564,Paula Hunt
13356,Tonya Brooks
12390,Jennifer Burgess
18228,Mr. Ryan Obrien
17415,David Jimenez
13350,Matthew West
12550,Mr. Jeremiah Davis
16627,Amy Reyes
17475,Zachary Neal
14951,Randall Stephens
14780,Jennifer Nelson
14887,Douglas Merritt
15399,Sara Gonzales
17466,Danielle Harrell
16379,Michael Reilly
17172,Robert Rhodes
15239,Daniel Lewis
16213,Paul Brown
15603,Nicole Figueroa
14261,Phillip Blankenship
12657,David Johnston
15571,Sharon Anderson
15484,Mark Hughes
12936,John Baker
16236,Amber Villarreal
16669,Joanna Levine DVM
15398,Marcus Reyes
12906,David Harris
17079,Bianca Kim
14125,Rebecca Howard
17163,Lawrence Berg
12952,Ronald Lee
12579,Johnny Hall
13279,Jennifer Johnson
12425,Lisa Robinson
16715,Dr. Nathan Smith
13519,Amanda Diaz
12546,Leah Santiago
15744,Jessica Chapman
13127,Antonio Kemp
15714,Natasha Weaver
17480,Kimberly Kelley
15763,Michael Nguyen
15075,Amanda Harris
16978,James Mclean
14014,Kimberly Morgan
16240,Mrs. Rita Pierce DVM
13336,Tammy Jones
14652,Elizabeth Vargas
15807,Jennifer Moore
15762,Diana Carter
15475,Sherri Hernandez
15978,Nicole Wilson
16485,Richard Tate Jr.
12488,Lorraine Wong
13083,Linda Carter DVM
16169,Christina Evans
17506,Jennifer French
16480,Holly Hubbard
17006,Sarah Finley
17498,Steven Johnson
17131,Melissa Thomas
13536,Deborah Wilson
15429,Charles Yoder
17154,Monica Bass
16594,Maria Cruz
16049,Casey White
14757,Crystal Yu
16198,Charles Osborne
13670,Christopher Rios
18066,Amanda Mendoza
14806,Michael Wood
12783,Crystal Greer
13429,Kyle Cervantes
15154,Robert Alvarez
13390,Pamela Jones
12925,Alejandro Williams
13927,Christine Mcneil
18205,Wendy Vega
14908,Kimberly Chavez
13639,Theodore Martin
15958,Katherine Hansen
15492,Jessica Price
15243,Lisa Hodges
16468,Alejandro Walls
15344,Cody Murillo
13866,Joseph Copeland
12612,Matthew Gibson
16999,Cathy Vasquez
13514,Mike Bullock
13314,Brian Cooper
17805,Christopher Garcia
18278,Christopher Carter
13979,Jaime Herrera
16181,Gabriel Miller
15568,Jason Robinson
16354,Alexa Klein
14412,Eduardo Bullock
16119,Stacy Ramirez
14109,Fernando Rubio
16157,Melinda Ewing
15348,Charles Rodriguez
16281,Lori Lewis
13924,Debra Lee
14434,Matthew Swanson
13061,Justin Alvarado
17513,Erica Foster
16909,Paul Bird
16650,Sandra Stevens
18192,Amber Phillips
17447,Michael Gonzalez
17427,Heather Parks
15175,Connie Parsons
13960,Barbara Bailey
17528,Mary Drake
16361,Brandon Johnson
13886,David Andrews
13354,Carmen King
15050,Bruce Miller
13503,Daniel Horton
16653,Kathleen Carlson
16574,Robert Price
13759,Claudia Henry
17813,Chelsea Davis DVM
12718,Alan Marshall
15949,Brandi Gonzalez
12703,Joshua Sandoval
13364,Jessica Morris
16268,Thomas Hall
18053,Christina Flynn
16101,Clinton White
15565,Ann Chen
18217,Maria Cruz
13954,Amber Miller
15593,Alyssa Anderson
13095,Joseph Blankenship Jr.
15287,Sharon Griffin
13347,Craig Miller
15185,Lori Villa
16404,Mrs. Cassandra Clark DDS
16613,Lindsay Spencer
16591,Terry Brown
15774,Dr. Joseph Brown
13558,Dr. Natalie Baker MD
16930,Wesley Ramirez
16533,Michael Valentine
18059,Sara Sandoval
14488,Dennis Smith
16747,Todd Shelton
14333,Crystal Frye
13635,Anthony Cruz
17330,Dwayne Randolph
17321,James Burgess
14815,James Thompson
15091,Deanna Roberts
15088,William Rogers MD
15930,Melissa Zimmerman
16183,Lawrence Cole
13297,Joseph Simmons
13801,Joseph Fisher
16881,Hunter Pierce
17014,Sarah Peters
15255,John Frye
14184,Frederick Krueger
13351,Megan Patterson DDS
15739,Joshua Weber
12512,Julia Day
17957,Mr. Robert Stevens
15276,Melissa Davis DDS
15127,Eduardo Rodriguez
16106,Alan Scott
17666,Ricky Lawson
13483,Wendy Daniel
16478,Shannon Bryant
17382,Jennifer Armstrong
12789,Julie Costa
16020,Dr. Richard Alexander
17222,Gary King
16803,Sarah Gibson
13947,Stephanie Manning
16758,Seth West
12719,Angela Rocha
17647,Regina Ramirez
14054,William Hancock
12723,Jose Ramirez
18033,Juan Adams
13845,Jeremy Taylor
15837,Ernest Lucas
12628,Jason Shah
13177,Joseph Allison
14317,Robert Adams
16295,Carly Nelson
13602,Dana Osborne
16895,Kristy Francis
17295,Michael Thompson
13504,Douglas Hawkins
13422,Michael Stevens
15264,David Hopkins
16432,Kayla Franco
13816,Ebony Ward
14518,Andrew Decker
13882,Melissa Mcclain
15937,Ryan Smith
12923,Elizabeth Hodges
17453,Elizabeth Moreno
15766,Cynthia Kaufman
15300,Michelle Phillips
13348,Wendy Huff
14592,Amanda Brown
14792,Lori Benjamin
17030,Kelly Rocha
12420,Brandi Rowland
14427,Kristie Morales
12519,Robert Guerra
13359,Michelle Myers
14138,Katie Daniels
15297,Mark Conner
13876,Elizabeth Lopez
12740,Dr. Jennifer Cooper
17086,April Morris
13806,Lisa Stone
18096,Kevin Montoya
13587,James Salazar
12856,Caitlin Keith MD
13419,Donald Daniels
17509,Joshua Wood
16900,Brittany Pearson
13689,Mary Davis
13755,Carl Frank
16104,Kevin Baker
13259,Philip Johnston
16248,Thomas Medina
15612,Taylor Adams
15787,Douglas Bennett
16595,Amy Padilla
13260,Bernard Conway
15821,Mary Burke
18088,Amy Russell
16685,Crystal Castillo
13193,Peter Stephenson
13212,Nathaniel Mathis
14801,William Marshall
16380,Stacey Wall
16921,Crystal Irwin
15193,Amanda Wilkins
14027,Sean Dean
16179,Matthew Charles
15473,Todd Roy
17425,Jason Brown
18169,Henry Boyle
18126,Kelly Harmon
16688,Justin Austin
16982,Ryan Oneill
15330,James Wright
17186,Vanessa Lopez
13685,Valerie Walls
16776,Kimberly Lynch
13980,Steven Cooke
13352,Michael Mann
15553,Steven Cuevas
15886,Jeffery Johnson
17203,Natasha Miller
12607,Blake White
17459,Dawn Walter
12772,John Johnson
16561,Brianna Huber
14121,James Olson
12371,Luke Campbell
17119,Sally Kline
17620,Stephen Long
12824,Jacqueline Chavez
14710,Sarah Turner
16120,Mr. Kevin Bryan
14624,Thomas Jones
16171,John Thomas
12536,Joseph Franco
13690,Valerie Morgan
17934,Elizabeth Byrd
14642,Morgan Hart
12602,Anne Cohen
16753,Christy Daniels
17737,Jennifer Schultz
13464,Kevin Berg
12667,Rachel Brown
12498,George Williams
14537,Hannah Phillips
17279,John Rodriguez
14251,Theresa Floyd
12446,Brandy Henry
12631,Ryan Jones
14234,Raymond Rogers
14975,Adam Wood
13853,Isabella Collins
16773,Kara Lewis
16430,Margaret Smith
16793,Anthony Case
18130,Kristina Winters
17614,Rebecca Barton
13858,Ian Golden
14856,Brad Ferguson
14089,Jamie Anderson
15478,Lisa Hancock
16413,Maria Summers
13810,Morgan Clark
16416,Cheryl Ferguson
13006,Sharon Horne
17986,Carly Freeman
12454,Adam Walker
14910,Kathy Kane
16243,Amanda King MD
13878,Lisa Davis
16934,Seth Alvarez
15994,Eric Mcguire
14547,Benjamin Jimenez
16052,Justin Navarro
15113,Denise Paul
12475,Mary Waters
16542,Ronnie Dunn
18042,Paul Mayo
16563,Amber Lewis
17201,Jason Gonzalez
17520,Joseph Boyer
13923,Jacqueline Bean
16412,Sarah Evans
17205,Stephanie Nguyen
17534,Angela Moore
15335,Abigail Underwood
16737,Daniel Brown
15066,John Reyes
17206,Luis Mccarty
17785,Michael Mcgee
16932,Peter Diaz
16363,Kelly Clark MD
14830,Spencer Morris
17244,Debra Morris
15355,Cynthia Schaefer
15598,Aaron Harris
15637,Brittany Davidson
16848,Heather Dominguez
15678,Michael Hill
14015,Michael Foster
13594,Victoria Christian
15327,Lindsey Fox
14861,Sydney Roberts
14554,Matthew Bray
12611,Jacob Taylor
14179,Tony Preston
15604,Margaret Arroyo
14381,Jason Trujillo
12572,Dr. Robin Parks
16123,Julia Flynn
16851,Lance Walter
17148,Brandon Walker
17549,Tracy Pierce
17973,Victor Graham
15610,Susan Cox
15853,Brandon Jenkins
18019,Anthony Cole
14698,Danielle Rogers
16826,Monica Griffin
17824,Ashley Vega
12522,Michael Olson
15803,Patricia Davis
15006,Frank Tyler
17350,Emily Washington
14799,Carol Moore
15814,Shaun Schultz
16260,Kimberly Webster
14638,Cassandra Jacobson
17354,Alyssa Wilson
13245,Melanie Young
14923,Kathleen Garza
16177,Jill Ayers
13366,Emily Orr
16284,Joshua Scott
16846,Kevin Johnston
14484,Judy Harrell
13897,Arthur Baker
14585,Ian Boyd
17125,Oscar Thompson
15836,Michelle Brown
16313,Denise Sexton
13460,Derek Werner
12403,Ian Page
14967,Jennifer Davis
15286,Daniel Lopez
17832,Eric Silva
12646,Shannon Taylor
16015,Brandon Martin
16311,Rachel Maldonado
15728,Carlos Pruitt
15740,Curtis Porter
13974,Keith Robbins
15677,Mr. Cameron Ray II
15000,Cody Barrett
16017,Eddie Williams
13471,Carmen Scott
13598,Kyle Terry
18005,Robert Ortiz
15427,Theresa Lopez
15022,Thomas Delgado
17111,Ashley Cox
17836,Dennis Burke
14629,Mark Skinner
15592,Lisa Coleman
15277,Anthony Martin
16491,Michelle Vaughn
15516,Daniel Watkins
14764,Joseph Herrera
16742,Timothy Butler
15142,Jodi Mejia
17344,Richard Murphy
18240,Gregory Robinson
17081,Teresa Anderson
14474,Kevin Cook
14139,Nicholas Turner
15844,Margaret Price
13176,Jennifer Caldwell
12398,Vicki Lopez
15345,Charles Brooks
16708,Shannon Davis
15963,Patrick Butler
18045,Joan Orr
13182,Vanessa Garrison
15158,Sarah Cervantes
13028,Lori Brown
13978,Kayla Carpenter
16056,Nicholas Waller
12812,Ashley Moore
16071,Jason Henderson
14539,Mrs. Janet Munoz
14550,David Lopez
17712,Kenneth Porter
14102,Brenda Wells
14598,Peter White
15320,Jamie Ellis
16415,Nicholas Ray
12448,Cynthia Hernandez
12827,Tyler Miller
16345,Kayla Lucas
15993,Kelly Dominguez
17895,Johnny Rodriguez
15948,Eric Smith
15659,Carlos Johnson
18154,Christine Barnes DDS
12630,Jason Stuart
13363,Danielle Vaughn
18276,John Mooney
17684,Tara Harris
17878,Pamela Cuevas
14752,Joann Andersen
16847,Garrett Adams
14971,Brianna Ortiz
17545,Maureen Hatfield
16026,Valerie Perry
16513,Christopher Barnes MD
12430,Holly Benson
14357,Douglas Mendoza
16855,Emily White
16680,Joseph Hart
18035,Matthew Davis
16648,Mr. Matthew Donaldson
16164,Yvonne Thomas
14218,Deborah Lee
15096,Shannon Lynch
18030,Carrie Yoder
14416,Erik Fritz
17839,Katherine Higgins
16601,Mr. Thomas Smith
12912,Robert Ramsey
13278,Anne Moore
14582,Joshua Petty
15748,John Ellis
16079,Deborah Davenport
17590,Michael Reynolds
15054,Eric Johnson
14158,Shelly Mckenzie
15385,Kyle Delacruz
16506,Jessica Jackson
13822,Martha Liu
18067,Shawn Hansen
16190,Judy Harrison
15444,Mary Franklin
13607,Joseph Gonzalez
12581,Christopher Vance
15360,Todd Payne
13103,Jonathan Colon
15667,Kimberly Jones
13651,Elizabeth Martin
12552,Brett Ramos
16127,Jennifer Huynh
12588,Theresa Jones
15977,Wendy Levine
13697,Sarah Wilson MD
14345,Tyler Benton
17503,Kristin Dickerson
16830,David Mayo
17495,Lindsey Little
12491,James Miles
14485,Mariah Douglas
13868,Justin Brown
15423,Kelly Gonzalez
17668,Chelsea Parker
16971,Carlos Gonzalez
16352,Carmen Tran
16884,Jonathan Bell
15830,Mr. Troy Guerrero
14216,James Warner
15275,Alan Gonzalez
16790,William Young
15576,Kristin Howard
18105,David Hunt
18164,Michael Jarvis
14974,Maxwell Buchanan
17947,Kimberly Hernandez
13318,Ryan Barron
18104,Mary Walker
13271,Kelli Gallagher
17595,Margaret White
14528,Steven Harris
17432,Adam Garrett
16337,Amy Clark
14098,Lindsey Wong
15551,Craig Thomas
16347,Jennifer Morgan
13721,Nancy Crawford
16322,Brandon Mora
17403,Justin Bennett
16914,Duane Baker
16602,Todd Myers
12544,Austin Grimes
13914,Jonathan Coleman
13467,Raymond Mclaughlin
17221,Amanda Ewing
17078,Rachel Hall
13447,Brittany Martinez
15010,George Gomez
18022,Kathryn Hart
16318,Susan Lee
17274,Christopher Garcia
15597,Thomas Combs
17233,Christina Castro
16887,Jeffrey Soto
13938,Cheryl Carpenter
17084,Lindsay Wang
14882,Colton Williams
15017,Monique West
12882,Maureen Haney
17387,Roy Thompson
13727,Gregory Evans
13532,Donna Burton
16445,Brian Cook
15156,Joseph Martin
16372,John Phillips
17608,Sharon Greene
12638,Angel Pena
14174,Teresa Whitaker
14039,Timothy Odonnell
13040,Margaret King
15883,Susan Cox
14664,Deborah Schmidt
15526,Melissa Cook
17831,Christopher Blackwell
15025,Cynthia Burke
12357,Mrs. Danielle Reyes
17761,Ms. Monica Stewart
15870,William Barnes
14080,Steven Butler
17623,Michael Smith
13673,Richard Bruce
14073,Andrew Davila
16070,John Rodriguez
13066,Anthony Estrada
14929,Robert Lewis
13710,Crystal Perkins
16732,Andrea Greer
14140,Melanie Gutierrez
17219,Morgan Johnson
16505,Andrew Powell
15957,Martin Williams
18123,Matthew Miranda
15043,Mary Mcgrath
17313,Jill Shepard
18216,Emily Velazquez
17022,Misty Love
15153,Taylor Rodriguez
16759,Jonathan Johnson
16751,David Sharp
12893,Jenna Jordan
14836,Maria Pace
17011,Mrs. Meghan Wilcox DVM
12532,Joshua Alvarado
17038,Doris Leach
14968,Nathaniel Lee
12504,Sandra Fuller
16516,Samantha Gardner
13522,Brittany Villa
15986,David Underwood
13992,Colleen Murillo
14354,Robert Moreno
16986,Monique House
16953,Ann King
18274,James Smith
15450,James Kim
15531,Eric Barry
17500,Robert Owens
17197,Clifford Todd
16025,Eric Smith
12659,Catherine Kidd
17461,Melinda Brown
17791,Mary Arnold
15463,Tara Weaver
17977,Jill Warren
12617,Patrick Lloyd
14863,Michele Payne
16903,Donna Thompson
12508,Sabrina Hunt
17502,Christina Pineda
12538,Michael Lang
17901,Cynthia Blanchard
14789,Madeline Stone
18209,Elizabeth Pacheco
12985,Diana Frost
15557,Jason Miller
16433,Corey Mendoza
15692,David Savage
17052,Scott Terrell
16368,Grant Brown
18014,Lori Ramirez
13732,Matthew Monroe
13091,Tracy Knight
14661,Katherine Miller
13170,Angela Sawyer
15654,Thomas Hernandez
13146,Valerie Davis
14788,Stephanie Patrick
13603,Katrina Smith
14382,Emily Gonzalez
16720,Aimee Oconnor
14904,Luis Salazar
14494,Jeanne Jimenez
14902,Christopher Davis
16936,Amy Smith
12938,Caleb Alexander
15168,Sarah Gallegos
17538,Chad Taylor
18082,Bryan Hayes
18117,Carolyn Greene
15458,Dr. Jessica Wright
17566,Spencer Howard
16207,Christine Smith
12762,Mr. Robert Douglas MD
17793,Robert Butler
14953,Ann Ewing
16504,Roger Parker Jr.
12374,Gina Williams
15009,Amy Burch
16423,Kenneth Morgan
15419,Miss Sherry Fletcher PhD
17510,Timothy Little
15758,Terrence Moore
15524,Devon Brown
14725,Lisa Ward DDS
14666,Mark Wright
14714,Michelle Jones
17153,Jennifer Moore
12950,Scott King
15720,Chelsea Williams
18181,Theresa Salazar
15556,Mr. Martin Moore
17357,David Simmons
12890,Stacy Lee DDS
13449,Jason Chung
15269,Brent Gutierrez
14385,Tommy Perry
15900,Anthony Everett
17680,Patricia Rodriguez
13926,Jared Martinez
16204,Adam Carroll
17896,Shane Dean
17835,Angela Murphy
15432,Jacob Bruce
18006,Kenneth Garrison
15657,Megan Choi
17237,Jessica Heath
13160,Anthony Cameron
12847,Nicholas Norris
17397,Jamie Roberts
17985,Chad Foster
14362,David Gallegos
13828,Dr. Kenneth Green
15435,David Scott
12445,Richard White
12603,Robert Norton
14641,John Fleming
12618,Daniel Clayton
15621,Sara Dunn
12391,Heather Valdez
18034,Andrew Gonzalez
17286,David Franklin
17904,Ryan Smith
17301,Katrina Smith
15368,Mr. Dustin Mcneil
14793,Matthew Powell
17650,Melissa Ortiz
12702,Meghan Morris
14881,Jennifer Collins
16784,Justin Carey
14052,Randy Wright
18110,Kaylee Farley
17561,John Moyer
15988,Julie Wilson
17523,Joseph Kelly
14950,Danny Bailey
16666,Michael Williams
14860,Bridget Conway
17636,Alison Garcia
13832,Kimberly Russell
13142,Samuel Robbins
16366,James Martinez
14300,Amanda Villanueva
12349,Randy Thompson
12658,Jordan Turner
12795,Tony Scott
15567,Sheri Wright
15645,Megan Gray
16406,Angela Martin
15857,Alicia Sandoval
12984,David Faulkner
17253,Kevin Cline
13739,Justin Monroe
18139,Erika Little
15274,Megan Pearson
17010,Candice Houston
15115,Michelle Smith
17100,Sandra Meadows
15699,Jason Chavez
13403,Matthew Pollard
16956,Mr. Michael Lewis
17600,Paige Dunn
15877,Richard Gould
14424,James Campbell
13322,Tracey Yates
17297,Christopher Hoffman
13986,Oscar Hahn
12920,Sara Melendez
18249,Donald Page
15634,Gregory Parker
16376,Kurt Robinson
16811,Wanda Adams
12452,Heidi Figueroa
14581,Jeanne Orozco
14675,Douglas Johnson
17290,Todd Ramirez
16343,Kevin Walker
13638,Matthew Gutierrez
16482,Lisa Rice
12784,Ellen Harris
17458,Edward Mora
14785,Cheryl Morgan
17254,Betty Gillespie
17767,Heather Zamora
15725,Kyle Landry
17247,Valerie Stafford
18184,Sherri Hoffman
15428,Valerie Chavez
17727,Robert Davis
14756,Jeremy Garcia
16856,Deanna Craig
14703,Maria Bass
17385,James Moran
12531,James Graham
15872,Ricardo Thomas
14966,Connie Snow
17232,Christopher Cooper
17468,Christopher Adams
13332,Cassandra Brady
14946,David Keith
13256,Jason Beltran
13596,Kristina Wilson
16024,Breanna Brown
14954,Alicia Smith
17885,Roberto Baker
14093,James Cross
14893,Jennifer Fry
15721,Gary Webb
17852,Sandra Robinson
13844,Mario Davis
12479,Stephen Gutierrez
12660,George Neal
15540,Gilbert Morrison
17379,Joshua Taylor
16800,Michael Mcmahon
17806,Joy Williams
17359,Susan Anthony
13188,Nicole Stephenson
14480,Susan Brown
13349,Wayne Williams
15619,Thomas Klein
15148,Monica Ibarra
14601,Frank Johnson
15783,Claire Wright
17772,Caroline Miranda
14126,Zachary Church
16479,Jessica Johnson
13428,Steven Rodriguez
15790,Kevin Johnson
13521,Rebecca Anderson
14349,Beth Daniel
18058,Dawn Silva
12953,Kevin Chang
12966,Lisa Gutierrez
15060,Amanda Reid
17911,Kimberly King
14804,Carla Jackson
15904,Audrey Davis
16789,Mitchell Harvey
12558,Brad Lopez
17942,Jose James
12587,Christine Brooks
13560,Rachael Hale
15539,Benjamin Gardner
13017,Erica Gates
18174,Jason Reed
13153,Amy Ibarra
15773,Rebecca Martinez
17936,Adrian Anderson
16535,Elizabeth Perez
16988,Brian King
15097,Stephanie Sharp
18015,Micheal Olson
16597,Anna Alexander
13790,Kenneth Andrews
14219,Summer Carroll
12367,Daniel Nelson
17383,Matthew Keller
12478,Thomas Melton
15992,Alfred Rodriguez
15318,Vernon Lewis
17914,Diane Gibbs
16528,Sara Greene
12442,Cassie Stout
16569,Christine Foley
12650,Christina Rodriguez
14578,Laura Young
16000,Karen Mosley
15195,Kim Pierce
14087,Karina Mclaughlin
14204,Mrs. Sylvia Jordan
15471,Jason Martin
13436,Krista Fletcher
15520,Samantha Pierce
13298,Bruce Rivera
14569,Nicholas Woodward
12713,Anita Avila
